SAP Cost Center,SAP Parent Customer,BCA,D365 Account
3125CSHKQP,3125C,N200730,HYPEBEAST
AAPXXSHIHS,Advance Auto Parts,N211471,Advance Auto Parts
ABBOTBJTRT,Abbott Group,N190182,Abbott Nutrition
ABBOTBJXWS,Abbott Group,N190182,Abbott Nutrition
ABBOTCDTRT,Abbott Group,N190182,Abbott Nutrition
ABBOTCDXXS,Abbott Group,N200641,Abbott Nutrition
ABBOTJXXWS,Abbott Group,0,(blank)
ABBOTSHDBP,Abbott Group,N190182,Abbott Nutrition
ABBOTSHDBS,Abbott Group,N200586,Abbott Nutrition
ABBOTSHKQP,Abbott Group,N190182,Abbott Nutrition
ABBOTSHKQS,Abbott Group,S200462,Abbott Nutrition
ABBOTSHTRT,Abbott Group,N190182,Abbott Nutrition
ABBOTSZLHS,Abbott Group,N211417,Abbott Nutrition
ABBOTSZLHS,Abbott Group,N211417,Ping Wen Logistics
ABBOTSZTRT,Abbott Group,N190182,Abbott Nutrition
ABBXXBJXMS,ABB,0,(blank)
ABBXXGZPBS,ABB,0,(blank)
ACCURBJTDD,Accuray,N200673C1,Accuray
ACCURBJTRD,Accuray,N211314C1,Accuray
ACCURBJXWS,Accuray,N211314C1,Accuray
ACCURSHYXS,Accuray,N211084,Accuray
ADCOESZOES,RPA,0,(blank)
AGILEBJPRS,AGILENT,0,(blank)
AGILESHIHS,AGILENT,0,(blank)
AGILTSHSHT,TS-Agilent,0,(blank)
AGVXXSHKQS,Other Customers Others,0,(blank)
AHFYUSHTRF,Anhui Fengyuan,N211282,安徽丰原国际货运有限公司
AIRBSBJXWS,AIRBUS GROUP - Technology,N211663,Airbus Security System
AIRBUTJALS,AIRBUS GROUP - Industrial,0,(blank)
ALICAHZXXD,ALIBABA,0,(blank)
ALICASHTRT,ALIBABA,0,(blank)
ALSHAKMTRD,AL SHAMS,N200661,AL SHAMS HOTELS ACCESSORIES &FLOWERS TR.LLC
AMATXBJKCS,APPLIED MATERIAL,N211710,APPLIED MATERIAL
AMATXHFCBS,APPLIED MATERIAL,0,(blank)
AMATXHFTRT,APPLIED MATERIAL,N200793,APPLIED MATERIAL
AMATXNJBYS,APPLIED MATERIAL,0,(blank)
AMATXSHKQS,APPLIED MATERIAL,N200116,APPLIED MATERIAL
AMATXSZBAS,APPLIED MATERIAL,0,(blank)
AMATXWHSLS,APPLIED MATERIAL,0,(blank)
AMATXWXIHS,APPLIED MATERIAL,0,(blank)
AMATXXAEPS,APPLIED MATERIAL,0,(blank)
AMATXXMXAS,APPLIED MATERIAL,0,(blank)
AMPHNCZTRD,AMPHENOL,N200555,Amphenol
ANPINXATRD,AnPing Building,N211435,AnPing Building Materials
ANPINXAYXS,AnPing Building,N211531,AnPing Building Materials
APPCNSHTRT,APP,N190131,(blank)
APPLECDSBS,APPLE,0,(blank)
APPLECDSRH,APPLE,0,(blank)
APPLECDSRW,APPLE,0,(blank)
APPLESHBSH,APPLE,S211244,APPLE
APPLESHBSS,APPLE,0,(blank)
APPLESHTRH,APPLE,0,(blank)
APPLESHTRT,APPLE,N200625,APPLE
APPLESHWHW,APPLE,S211244,APPLE
APPLESZFTH,APPLE,0,(blank)
APPLESZFTS,APPLE,0,(blank)
APPLESZWHW,APPLE,0,(blank)
ARDCHSHKQP,Arcor-DCH,N211370,ARCOR Group
ARDCHSHKQP,Arcor-DCH,N211370,ARCOR Group
ARKERKMTRD,Neimenggu Arker,N200662,(blank)
ARROWSHFSS,ARROW ELECTRONICS,0,(blank)
ARTEXSHWHS,ARTE,N200249,Arte Jewellery
ASCENBJTRT,PANASONIC - Healthcare,N190268,Panasonic Health Care/ASCENSIA
ASMLXBJKCS,ASML,N211128,ASML
ASMLXGZGQS,ASML,N200476,ASML
ASMLXNJLHS,ASML,N211058,ASML
ASMLXSZEPS,ASML,S200094,ASML
ASMLXTJXQS,ASML,N200648,ASML
ASMLXXAEPS,ASML,N211058,ASML
ASMLXXMXAS,ASML,N200550,ASML
ASUSCSHTRT,ASUSTEK COMPUTER,N211618,Asus
ASUSXCQTRT,ASUSTEK COMPUTER,N211257,Asus
ASUSXDGTRD,ASUSTEK COMPUTER,N200821,Asus
ASUSXSHTRT,ASUSTEK COMPUTER,0,(blank)
ASUSXSZTRT,ASUSTEK COMPUTER,0,(blank)
ATGXXSHYSS,ATG,N211009,Apex Tool
AUDICSHTRT,VOLKSWAGEN,N211436,Audi
AUDIXSHTRT,VOLKSWAGEN,0,(blank)
AUTBDBGOHS,Auto Overhead,0,(blank)
AUTOFBGOHS,Auto Overhead,0,(blank)
AUTOHBGOHS,Auto Overhead,0,(blank)
AUTS1SHKQS,Other Project Auto,0,(blank)
AUTS2SHKQS,Other Project Auto,0,(blank)
AUTS3SHKQS,Other Project Auto,0,(blank)
AUTS4SHKQS,Other Project Auto,0,(blank)
AUXOPBGOHS,Auto Overhead,0,(blank)
AZXXXCQYHS,ASTRAZENECA,0,(blank)
AZXXXWXTRT,ASTRAZENECA,N200134,AstraZeneca Corporate
AZXXXWXWHS,ASTRAZENECA,N211135,AstraZeneca Corporate
BAKERTJTRD,Baker Hughes,N200059,BAKER HUGHES
BAOWUSHWHS,Baowu,N200230,China Baowu Steel Group
BAPSXSHOES,BAPS,0,(blank)
BARONSHTRD,Barong food,N200363,Shanghai BaRong Food
BASFXSHITS,BASF,0,(blank)
BATXXSZQHS,BAT,N200704,BAT
BAYERBJTRT,BAYER,N211301,BAYER
BBACCBJTRD,Benz,0,(blank)
BBACCBJTRT,Benz,N200290,Beijing Benz Automotive Co
BECTDSHDBH,Becton Dickinson,N190148,BECTON DICKINSON
BECTDSHIHS,Becton Dickinson,N200605,BECTON DICKINSON
BEITESHTRD,Beite Food,N200262,Beite Food
BETONQDIHS,BETONE,N211654,BETONE TECHNOLOGY
BETONTJXQS,BETONE,N211654,BETONE TECHNOLOGY
BEUKASHIHS,Beukay,N200847,Beukay
BEUKAYWIHS,Beukay,N211509,Beukay
BFDAXBJTRT,BFDA,N211228,Foton Daimler
BFDAXBJYQS,BFDA,N211228,Foton Daimler
BIWEITJTDT,Biwei,N200468,BiWei
BIWEITJTRT,Biwei,N200468,BiWei
BJGNCBJIHC,Beijing Guonong,N211005,Beijing Guonongchunzhenyoupin Technology
BJHYWBJTRT,北京航楹物流,0,(blank)
BJJOYCNTRD,Beijing Century Joyo,N211560,Beijing Century Joyo Courier Service Co.Ltd
BJTRTBJBJR,同仁堂,0,(blank)
BJTRTBJBJT,同仁堂,0,(blank)
BJXFGBJTRT,Beijing Xiaofangui,N190049C1,Beijing Xiaofangui Technology
BJYILSHSJS,BEIJING-YILIN,N211045,Beijing Yilin Technology
BJYILSHTRD,BEIJING-YILIN,N211045,Beijing Yilin Technology
BMWCSSYKFS,BMW,N200188,BMW Automotive
BMWIMBJTRT,BMW,N200022C1,BMW Brilliance Automotive
BMWIMSYTDD,BMW,N211154,BMW Brilliance Automotive
BMWIMSYTRD,BMW,N200048,BMW Brilliance Automotive
BMWIMSYTRT,BMW,N210984,BMW Brilliance Automotive
BMWIMSYXXS,BMW,0,(blank)
BMWSPSYTRD,BMW,S211069,Eberspaecher
BMWSPSYTRD,BMW,S211069,"Ljunghäll (Wuxi) Die-Casting Co., Ltd."
BMWSPSYTRD,BMW,S211069,Minth Group
BMWSPSYTRD,BMW,S211069,Salerish
BMWXXBJTDT,BMW,N211651,BMW Automotive
BMWXXBJTRT,BMW,N190236,BMW Brilliance Automotive
BMWXXCDTRT,BMW,0,(blank)
BMWXXFSTRT,BMW,0,(blank)
BMWXXGDTRD,BMW,N200727,BMW Brilliance Automotive
BMWXXHFSFS,BMW,N200374,BMW Brilliance Automotive
BMWXXSHTRD,BMW,N200243,Beijing Chenghetong Logistics
BMWXXSHTRD,BMW,N200243,BMW Brilliance Automotive
BMWXXSHYSH,BMW,N200356,Suppliers - BMW
BMWXXSHYSS,BMW,N190216,BMW Automotive
BMWXXSYTRT,BMW,0,(blank)
BMWXXYJBMS,BMW,0,(blank)
BNQXXBJTRD,B&Q,N200885,B&Q
BNQXXSHTRT,B&Q,N200043,B&Q
BORGWBJTRD,Borgward,0,(blank)
BORGWBJTRT,Borgward,N190222,Borgward
BOSEXBJXWS,BOSE,0,(blank)
BOSEXGZHPS,BOSE,N200823,(blank)
BOSEXSHKQH,BOSE,N211184,BOSE
BOSEXSHKQS,BOSE,N211665,BOSE
BOSEXSHKQS,BOSE,N211665,Local Logistics
BOSEXSHKQS,BOSE,N211665,WELL-WIN LOGISTICS
BOSEXSHWHS,BOSE,N211184,BOSE
BOSEXSHWHS,BOSE,N211184,WELL-WIN LOGISTICS
BOSHISHTRT,JOHNSON & JOHNSON,N211142,Boshi Vision Care
BOSINSHFSS,Bosinuo ,N211159,南京泊斯诺电子科技有限公司
BREMBNJTRD,Brembo,N211185,Brembo
BREMBWXIHS,Brembo,N210958,Brembo
BRIDADGXSS,Bright,N200201,Bright Dairy
BRPXXSHTRT,Bombardier Recreational Products,N211480,Bombardier Recreational Products
BRPXXSHYXS,Bombardier Recreational Products,N211480,Bombardier Recreational Products
BURBYSHDQS,BURBERRY,N211535,BURBERRY
BURTOSHSYH,Burton,N211145,Burton
BURTOSHSYS,Burton,N211283,Burton
BURTOSHTRT,Burton,N211023,Burton
BURTOSZLHS,Burton,0,(blank)
BURTSSZLHP,CLOROX,0,(blank)
BURTSSZLHS,CLOROX,0,(blank)
BYBONBJTRD,Bybon,N211306,Bybon
CANAABJTRT,Canaan Creative,0,(blank)
CANAABJXWS,Canaan Creative,0,(blank)
CANASSUTRT,Canadian Solar Inc,N211158,Canadian Solar
CANBIBJBJT,参比制剂平台,0,(blank)
CCLXXJMTRD,CCL,N211425,中都（株洲）物流有限公司
CCOOPSZTRF,China Co-op eCommerce ,N211288,China Co-op eCommerce
CDFXXSHTRT,CDF International Group,N211418,"Shanghai Taiyin Enterprise Co., Ltd."
CECEPBJALD,CECEP Leping Company,0,(blank)
CECEPBJTRT,CECEP Leping Company,0,(blank)
CEXARSHBSH,EXAR,0,(blank)
CEXARSHBSS,EXAR,0,(blank)
CHANESHKQS,CHANEL,N200207C2,CHANEL
CHARGGZHPS,Chargeurs,N211624,Chargeurs PCC
CHENDCDTRT,CNCEC - Industrial,0,(blank)
CHTONBJTRT,Chenghetong,0,(blank)
CHUIXSHKQS,Chui Xue Charging,N200520,Chui Xue Charging
CHUSTXATRF,Chuang Shi Tong,0,(blank)
CJLRXBJTRT,TATA,0,(blank)
CJLRXFSTRT,TATA,0,(blank)
CLARISHFSH,Clariant,N200031,CLARIANT
CMXOFBGOHS,CM Overhead,0,(blank)
CMXOHBGOHS,CM Overhead,0,(blank)
CNCECCDXXS,CNCEC - Chemicals,0,(blank)
CNDXXSHKQS,C&D Logistics,N211576,C&D Logistics (Shanghai)
CNHIXHBTPD,CNHi,N211008,CNH Industrial AG/CE
CNMOBBJTRT,China Mobile,N190141,China Mobile
CNMOBBTTRT,China Mobile,N211172,China Mobile
CNMOBJLTRT,China Mobile,N200390,China Mobile
CNMOBSHTPT,China Mobile,N211678,China Mobile
CNMOBSHTRT,China Mobile,N200057,China Mobile
CNMOBSJTRT,China Mobile,N190042,China Mobile
CNMOBSZTRT,China Mobile,N211146,China Mobile
CNMOBXJTRT,China Mobile,N210973,China Mobile
CNMOBXMTRT,China Mobile,N190142,China Mobile
CNMOBYNTRT,China Mobile,S210911,China Mobile
CNPCBLZEPR,中石油,N200200,CNPC
CNPCXLYTRT,中石油,N200398,CNPC
COACHSHSFH,COACH,N211594,Coach Leatherware
COACHSHSFR,COACH,N211594,COACH
COACHSHSFR,COACH,N211594,Coach Leatherware
COACHSHSFS,COACH,N211594,Coach Leatherware
COACHSHSFU,COACH,N211594,Coach Leatherware
COACHSHTRT,COACH,N211594,Coach Leatherware
CONTIAHTRD,Continental AG,N210946,Continental Corporate
CONTICCTRD,Continental AG,N210946,Continental Corporate
CONTITJTRD,Continental AG,N210946,Continental Corporate
CORNGWHIHS,CORNING,N211610,Corning
CORSPBJXWS,Coriant,0,(blank)
COSTAGZTRT,WHITBREAD,N211633,Costa coffee
COSTASHH2S,WHITBREAD,N211633,Costa coffee
COSTASHH2S,WHITBREAD,N211633,QINMAI
COSTASHHTS,WHITBREAD,N211633,Costa coffee
COSTASHTRT,WHITBREAD,N211633,Costa coffee
COTYXSHTRT,Coty,N200091,COTY
CQCAMSHTRF,CQCAMS,N211568,"CHONGQING CHANGAN MINSHENG APLL LOGISITCS CO.,LTD"
CQHAVTJTRD,Chongqing Haval,N200229,Great Wall Ants Logistics
CRCONDGIHG,China Railway Construction Group,N200904,China Railway Construction Group
CRCONNCIHG,China Railway Construction Group,N200584,China Railway Construction Group
CRCONSZIHG,China Railway Construction Group,N200689C1,China Railway Construction Group
CRCONYJIHG,China Railway Construction Group,N211216,China Railway Construction Group
CRXBDBGOHS,CR Overhead - Consumer,0,(blank)
CRXOFBGOHS,CR Overhead - Consumer,0,(blank)
CRXOHBGOHS,CR Overhead - Consumer,0,(blank)
CRXOTBGOHS,CR Overhead - Retail,0,(blank)
CSADMHNCSO,HN SF LSHC,0,(blank)
CSAIQHNCSS,HN SF LSHC,0,(blank)
CSALPHNCSS,HN SF LSHC,0,(blank)
CSBDXHNCSO,HN SF LSHC,0,(blank)
CSDEFHNCSZ,HN SF LSHC,0,(blank)
CSFINHNCSO,HN SF LSHC,0,(blank)
CSFXCHNCSS,HN SF LSHC,0,(blank)
CSHRXHNCSO,HN SF LSHC,0,(blank)
CSHSYHNCSS,HN SF LSHC,0,(blank)
CSIDLHNCSS,HN SF LSHC,0,(blank)
CSITXHNCSO,HN SF LSHC,0,(blank)
CSKHXHNCSS,HN SF LSHC,0,(blank)
CSLEPHNCSS,HN SF LSHC,0,(blank)
CSLPXGUTRT,中体彩印务,N200874,CSLP
CSLPXGUWHS,中体彩印务,N200874,CSLP
CSMGTHNCSO,HN SF LSHC,0,(blank)
CSNBHHNCSS,HN SF LSHC,0,(blank)
CSNBHHNCST,HN SF LSHC,0,(blank)
CSOPSHNCSS,HN SF LSHC,0,(blank)
CSOTHHNCSS,HN SF LSHC,0,(blank)
CSQAXHNCSO,HN SF LSHC,0,(blank)
CSQGYHNCSS,HN SF LSHC,0,(blank)
CSRHXHNCSS,HN SF LSHC,0,(blank)
CUSOFBGOHH,TSC Overhead,0,(blank)
CVTESGZTRD,SL - CVTE,N200212,CVTE
CYTIVSHKQS,Cytiva,N200220C1,Global Life Sciences Technologies
CYTIVSHTRT,Cytiva,N200220C1,Global Life Sciences Technologies
DABANSHTRD,Dabang Logistics,N200103,Shanghai Dabang Logistics
DAIMLBJTRT,DAIMLER,0,(blank)
DAIMLCDTRT,DAIMLER,0,(blank)
DAMAINNWHS,DAMAI,N200007C1,Barley Network
DANFOKSHQS,DANFOSS,0,(blank)
DANFOSHFSS,DANFOSS,0,(blank)
DCECXGZHPS,Dongfeng Cummins,0,(blank)
DECKESZTRT,Deckers,0,(blank)
DELLSBJTRT,DELL TECHNOLOGIES,H210951,Dell
DELLSBJXWS,DELL TECHNOLOGIES,H210951,Dell
DELLSGHD2S,DELL TECHNOLOGIES,H210951,Dell
DELLSGZTRT,DELL TECHNOLOGIES,H210951,Dell
DELLSSHALH,DELL TECHNOLOGIES,N211539,Dell
DELLSSHALS,DELL TECHNOLOGIES,N211539,Dell
DELLSSHTRT,DELL TECHNOLOGIES,H210951,Dell
DELLSSHY2S,DELL TECHNOLOGIES,H210951,Dell
DFRUYSXTRT,Dongfang Ruye ,N190003,Xi'an Dongfang Ruye
DGABNSHTRD,Dolce & Gabbana,N210939,D&G
DGFECSZLHS,DHL Global Forwarding,0,(blank)
DGFXXCDTRT,DHL Global Forwarding,0,(blank)
DGFXXSHKQS,DHL Global Forwarding,0,(blank)
DHLCOSHKQG,DHL,0,(blank)
DIADOXMNSS,DIADORA,N200080,Diadora
DINGYSHTRT,Ding Yao,N190248,Jiangsu Ding Yao Logistics
DIODESHFTH,DIODES,N211262,Diodes
DIODESHFTS,DIODES,N211262,Diodes
DIODESHGWH,DIODES,0,(blank)
DIODESHTRD,DIODES,N200568,Diodes
DISNESHKQS,Disney,N200170,Disney - Parks & Resorts
DISNESHTRD,Disney,N200170,Disney - Parks & Resorts
DJIXXBJXWS,DJI,0,(blank)
DKSHXSHKQP,DKSH Consumer,N211494,DKSH Consumer
DOTERSHTRT,doTERR,N211207,doTERRA
DOULECQIHG,Duole,N200872,Duole
DRJATSHLXS,UCO,N211139,Hangzhou Ruitai Supply Chain Management
DSCCNSHKQS,DHL Supply Chain,0,(blank)
DSCXXCDTRT,DHL Supply Chain,0,(blank)
DSCXXLZDCS,DHL Supply Chain,0,(blank)
DSCXXSHYXS,DHL Supply Chain,0,(blank)
DSCXXXMXAS,DHL Supply Chain,0,(blank)
DXCXXBJTRT,DXC,N210997,DXC Technology
DXCXXBJXWS,DXC,N210997,DXC Technology
DXCXXXAXXS,DXC,N200225,DXC Technology
EADSXBJXWS,AIRBUS GROUP - Industrial,0,(blank)
EATONWXIHS,Eaton Industries,N211592,Eaton Industrial
EBJSTBJSYR,北京速通,0,(blank)
EBJSTBJSYT,北京速通,0,(blank)
ECCOXDGXSS,ECCO,N190044,(blank)
ECCOXSHSJS,ECCO,N211045,ECCO
ECCOXSHSJS,ECCO,N211045,Qingmutec
ECCOXSHTRR,ECCO,N211045,ECCO
EDELMSHHCS,Edelman,N211611,Edelman
EIECMSZIHF,EI e-commerce,0,(blank)
EIOPSBGOHS,EI Overhead,0,(blank)
EIXBDBGOHS,EI Overhead,0,(blank)
EIXCNBGGFF,Freight Forwarding EI,N211399,"APEX Cargo Service Co., Ltd (ACS)"
EIXCNBGGFF,Freight Forwarding EI,N211399,H&L GLOBAL LIMITED
EIXCNBGGFF,Freight Forwarding EI,N211399,"Shanghai Ever-Do International Logistics Co., Ltd."
EIXCNBGGFF,Freight Forwarding EI,N211399,连云港瑞麟国际货运代理有限公司
EIXCNBGGFF,Freight Forwarding EI,N211399,苏州河田羽绒制品有限公司
EMXBDBGOHS,EM Overhead,0,(blank)
EMXOFBGOHS,EM Overhead,0,(blank)
EMXOHBGOHS,EM Overhead,0,(blank)
ENVISJSTRD,ENVISION,N200721,ENVISION
EPECHBJTRT,中石化,N211095,Sinopec
EPECHCNBJS,中石化,N211095,Sinopec
EPECXSHTRT,中石化,N200430,Sinopec
EPSONSHTRT,SEIKO EPSON,0,(blank)
ERICSNJJLS,ERICSSON,N211397,ERICSSON
ERICSSHKQG,ERICSSON,0,(blank)
ERISLGZHPS,ERICSSON,N211163,ERICSSON
ERISLGZTRT,ERICSSON,N211163,ERICSSON
ERISLGZWHS,ERICSSON,N211163,ERICSSON
ESDGSJNSYR,山东高速信联,0,(blank)
ESDGSJNSYS,山东高速信联,0,(blank)
ESDGSJNSYT,山东高速信联,0,(blank)
EVISUBJSHS,Evisu Group,N211607,Evisu Group
EVISUCDXXS,Evisu Group,N211606,Evisu Group
EVISUGZHPS,Evisu Group,N211605,Evisu Group
EVISUSHDQD,Evisu Group,0,(blank)
EVISUSHDQR,Evisu Group,0,(blank)
EVISUSHDQS,Evisu Group,N190046,(blank)
EVISUSHDQV,Evisu Group,N211240,Evisu Group
EVISUSHTRT,Evisu Group,0,(blank)
EYCHEGZTRD,E yangche,N200617,E Yangche
EYCHESHTRD,E yangche,N200617,E Yangche
FEIXXBJXWS,FEI,N190084,THERMO FISHER SCIENTIFIC
FEIXXDLTZS,FEI,N190084,THERMO FISHER SCIENTIFIC
FEIXXSHLDS,FEI,N200879,THERMO FISHER SCIENTIFIC
FEIXXXAEPS,FEI,N190084,THERMO FISHER SCIENTIFIC
FELLWSUTRD,Fellowes,N200829,Fellowes
FENGKSHTRT,Fengke Biotechnology,N190047,Shanghai Fengke Biotechnology
FERRECDXXS,FERRERO,N211017,FERRERO
FISHJCDXXS,Fisher Joen,N200777,Emerson Corporate
FLDXXSHTRD,FLD,N190005,Feiliks International Logistics
FLEXTCSTRD,Flex-Tek,N211398,Flex-Tek
FLXOFBGOHS,FL Overhead,0,(blank)
FORDCCSLGS,FORD MOTOR,N200544,FORD MOTOR
FORDCCSTRD,FORD MOTOR,N200309,FORD MOTOR
FORDXCQFDS,FORD MOTOR,N190009C1,FORD MOTOR
FORDXCQWHS,FORD MOTOR,N200893,FORD MOTOR
FORDXGHD1S,FORD MOTOR,0,(blank)
FORDXHBLCS,FORD MOTOR,N200117C1,FORD MOTOR
FORDXSHTRT,FORD MOTOR,0,(blank)
FORDXWHFWS,FORD MOTOR,N211019,FORD MOTOR
FORDXZJJSS,FORD MOTOR,N210943,FORD MOTOR
FORTUBJALS,FORTUNEWAY,0,(blank)
FORTUBJTRT,FORTUNEWAY,0,(blank)
FREYXSHKQP,FREY,N211550,FREY chocolate
FREYXSHTRT,FREY,N211550,FREY chocolate
FUJIESHMFS,FUJI XEROX,S200058,Fuji Xerox
FUJIESHTRD,FUJI XEROX,S200058,Fuji Xerox
FUJITWXIHS,Fujitsu,N211056,Fujitsu General
FUJIXCQFJS,FUJI XEROX,N200763,Fuji Xerox
FUJIXCQTRT,FUJI XEROX,N200763,Fuji Xerox
FUJIXSYTRT,FUJI XEROX,N200763,Fuji Xerox
FUJIXSYXXS,FUJI XEROX,N200763,Fuji Xerox
FUJIXWHTRT,FUJI XEROX,N210956,Fuji Xerox
FUJIXWHXDS,FUJI XEROX,N210956,Fuji Xerox
FUPXXCNTRD,First Union Postal,N211127,FIRST UNION POSTAL TRANSPORT
GABRISHTRT,Gabriel,N200515,Gabrie
GACFICDTRT,FIAT CHRYSLER AUTOMOBILES,0,(blank)
GACFIGZTRT,FIAT CHRYSLER AUTOMOBILES,0,(blank)
GAOHEXMTRD,Gaohe,N200561,Gaohe(Xiamen) Logistics
GBAXXSZOFS,GBA,0,(blank)
GBIBJHNCST,HN SF LSHC,0,(blank)
GEABPBJXWS,GENERAL ELECTRIC - Industrial,N200886,GE Power
GEBIOSHTRT,Generon Corporation,N211054,"Evive Biopharmaceutical (Beijing), Ltd."
GEBIOSHTRT,Generon Corporation,N211054,Generon Corporation
GECHNSHTRD,GENERAL ELECTRIC - Industrial,N211007,GE Corporate
GEELYJNTRD,GEELY,0,(blank)
GEHEABJXWS,GE Healthcare,N210928C1,GE Healthcare
GEHEACDXXS,GE Healthcare,N210928C1,GE Healthcare
GEHEAGZGQS,GE Healthcare,N210928C1,GE Healthcare
GEHEAJNHTS,GE Healthcare,N210928C1,GE Healthcare
GEHEASHJMS,GE Healthcare,N210928C1,GE Healthcare
GEHEASYYHS,GE Healthcare,N210928C1,GE Healthcare
GEHEAWHDWS,GE Healthcare,N210928C1,GE Healthcare
GEMEDSHKQS,GENERAL ELECTRIC - Healthcare,N211171,Global Life Sciences Technologies
GENKIGZHPS,Genki Sushi,N210962,Genki Sushi
GENSCJLCCT,长春金赛药业,0,(blank)
GEZQDQDTRD,GEZ Qingdao,N211554,Continental Corporate
GHYCNSUWHS,APP,S200635,Asia Pulp and Paper
GITIXFJTRT,Giti Tire,N190209,Giti Tire
GLICOSHTRD,Glico,N211280,Glico
GLSKJDGWHS,Gui Lin Shen Ke Ji,N211709,桂林深科技有限公司
GODIVSHKQP,Godiva,N211708,Godiva
GODIVSHKQS,Godiva,N211708,Godiva
GODIVSHTRT,Godiva,N211708,Godiva
GOERTBJTRT,Goertek,N200790,Goertek
GOERTDGTRT,Goertek,N200790,Goertek
GOERTSHTRT,Goertek,N211444C1,Goertek
GOERTSHTRT,Goertek,N211444C1,Jingwei Technology
GOOPKGDTRD,GOODPACK,N200490,GOODPACK
GRANDBJIHP,Grandos Coffe,N211085,Grandos Coffe
GRUNDSHTRT,GRUNDFOS HOLDING,0,(blank)
GSCBDBGOHS,GSC Overhead,0,(blank)
GSCOFBGOHS,GSC Overhead,0,(blank)
GSCOHBGOHS,GSC Overhead,0,(blank)
GSNZHLAWHS,Gansu NZHF,N200321,Gansu Agricultural Production Means&Chemical Fertilizer
GUIQDGXTRD,Guangxi Guiqidong,N211033,Guangxi Guiqidong Supply Chain Co.Ltd
GXDGFSHTRF,Guxiandao Green Fiber,N211325,(blank)
GXKRTNNIHC,Guangxi Kerun,N210966,"Guangxi Kerun Investment Group Co., Ltd."
GXLTKGXIHG,Guangxi Longtao,0,(blank)
GXLTKGXIHS,Guangxi Longtao,0,(blank)
GXLTKGXWHG,Guangxi Longtao,0,(blank)
GXYCKSZTRD,China Co-op eCommerce,0,(blank)
H3CNHBJTRT,H3C,N211327,New H3C Technologies
H3CNHBJXWS,H3C,N211327,New H3C Technologies
H3CNHSHYXS,H3C,N211327,New H3C Technologies
H3CNHXAXXS,H3C,0,(blank)
H3CUHBJTRT,H3C,N211327,New H3C Technologies
H3CUHBJXWS,H3C,N211327,New H3C Technologies
H3CUHSHYXS,H3C,N211327,New H3C Technologies
H3CUHXAXXS,H3C,0,(blank)
HAFELSHTRT,Hafele,N211160,Hafele
HAIERQDJZS,HAIER,S211684,HAIER
HAILIQDTRD,Hailir,S200069,Hailir
HANGYBJWHS,Beijing Hangyu,N211571,"Beijing Hangyu Kuaijie Freight Agency Co.,Ltd"
HANJIGZIHS,Shanghai Hanjia,S211664,IAC International Automotive Components Group
HANJIGZIHS,Shanghai Hanjia,S211664,Ouyeel
HANJIGZIHS,Shanghai Hanjia,S211664,"Shanghai HANJIA Technology Co.,Ltd"
HARLESHFXS,Harley-Davidson,N200616,Harley-Davidson
HARLESHGWS,Harley-Davidson,N200616,Harley-Davidson
HARLESHKQS,Harley-Davidson,0,(blank)
HARLESHTRT,Harley-Davidson,N200616,Harley-Davidson
HARMNSHTRT,SAMSUNG,N200441,Harman International
HDADMSZHDO,Suzhou Hengding,0,(blank)
HDAZXSZHDS,Suzhou Hengding,0,(blank)
HDBDXSZHDO,Suzhou Hengding,0,(blank)
HDFINSZHDO,Suzhou Hengding,0,(blank)
HDFXCSZHDS,Suzhou Hengding,0,(blank)
HDHRXSZHDO,Suzhou Hengding,0,(blank)
HDIDLSZHDS,Suzhou Hengding,0,(blank)
HDITXSZHDO,Suzhou Hengding,0,(blank)
HDKMXSZHDS,Suzhou Hengding,0,(blank)
HDLEPSZHDS,Suzhou Hengding,0,(blank)
HDMGTSZHDO,Suzhou Hengding,0,(blank)
HDNBHSZHDS,Suzhou Hengding,0,(blank)
HDNBHSZHDT,Suzhou Hengding,0,(blank)
HDOPSSZHDS,Suzhou Hengding,0,(blank)
HDOTHSZHDS,Suzhou Hengding,0,(blank)
HDQAXSZHDO,Suzhou Hengding,0,(blank)
HDSSSSZHDR,Suzhou Hengding,0,(blank)
HDTFSSZHDS,Suzhou Hengding,0,(blank)
HEINKSHTRT,HEINEKEN,0,(blank)
HENGALNTRD,Hengan,N211358,Hengan Group
HENGNSHKQS,Hengnuo,S200175,Guangzhou Hengnuo Trading
HENGRJSJSR,江苏恒瑞,0,(blank)
HENGRJSJST,江苏恒瑞,0,(blank)
HERMEWHTRT,Hermes-Epitek,0,(blank)
HERSHSHKQP,HERSHEY COMPANY,N200700,Hershey
HERSHSHKQS,HERSHEY COMPANY,N200700,Hershey
HERSHSHTRT,HERSHEY COMPANY,N200250,Hershey
HETTIBJTRT,Hettich,0,(blank)
HETTISHTRT,Hettich,0,(blank)
HFXOFBGOHS,HF Overhead,0,(blank)
HFXOHBGOHS,HF Overhead,0,(blank)
HILTISHTRT,Hilti,N211027,HILTI
HIMEDSHZCS,HITACHI,N200252,Hitachi Healthcare Manufacturing
HITACSHTRT,HITACHI,N200252,Hitachi Healthcare Manufacturing
HITACSHZCS,HITACHI,N200252,Hitachi Healthcare Manufacturing
HLCOSBJIHS,WHITBREAD,N200765,Costa coffee
HLCOSBJTRD,WHITBREAD,N200765,Costa coffee
HNCLTWHTRT,Hu’nan Cuilong Trading,N200781,Hu’nan Cuilong Trading
HOMELBJTRT,HORMEL,N200381,HORMEL
HOMELCDTRT,HORMEL,N200381,HORMEL
HOMELGZTRT,HORMEL,N200381,HORMEL
HOMELQDTRT,HORMEL,0,(blank)
HOMELSHTRT,HORMEL,N200381,HORMEL
HONEYSHMFS,HONEYWELL,N211676,Garrett
HONEYSHMFS,HONEYWELL,N211676,Honeywell Corporate
HONEYTJALS,HONEYWELL,N211589,AVIC International Logistics
HONEYTJALS,HONEYWELL,N211589,Honeywell Corporate
HONGXGHD2S,Hongxun,N200855,Hongxun
HONORDGHMS,Honor,N210960,Honor
HONORDGWHS,Honor,N211177,(blank)
HONORDGWSS,Honor,N211105,Honor
HONORSZIHS,Honor,N211636,Honor
HOUSFSHSJS,House Foods,N200558,House Foods
HPEGXBJTRT,Hewlett Packard,0,(blank)
HPEGXBJXWS,Hewlett Packard,0,(blank)
HPEGXXAXXS,Hewlett Packard,0,(blank)
HPESLBJTRT,Hewlett Packard,N211012,HP Enterprise Group
HPESLBJXWS,Hewlett Packard,N211012,HP Enterprise Group
HPEXXSHTRT,Hewlett Packard,0,(blank)
HPIPSBJTRT,Hewlett Packard,N211551,HP Inc.
HPIPSBJXWS,Hewlett Packard,N210923,HP Inc.
HPIPSSHYXS,Hewlett Packard,N210923,HP Inc.
HPIYYSHTRT,Hewlett Packard,S200051,HP Inc.
HPIYYSZTRT,Hewlett Packard,0,(blank)
HPLJBSHMFS,Hewlett Packard,0,(blank)
HPPXXSHF2S,Hewlett Packard,N200192,HP Inc.
HPPXXSHFSH,Hewlett Packard,N200344,HP Inc.
HPPXXSHFSS,Hewlett Packard,N200344,HP Inc.
HPPXXSHMFS,Hewlett Packard,N200088,HP Inc.
HPPXXSHMGS,Hewlett Packard,N200088,HP Inc.
HPPXXSHSFH,Hewlett Packard,N200192,HP Inc.
HPPXXWHWDS,Hewlett Packard,N211391,HP Inc.
HSSOLJSTRT,Huan Sheng Solar,N200805,Huan Sheng Solar
HSSOLWXIHS,Huan Sheng Solar,N211350,Huan Sheng Solar
HSSOLWXTRD,Huan Sheng Solar,N211260,Huan Sheng Solar
HSUFUGXTRT,Hsu Fu Chi,S200003,Hsu Fu Chi Food
HUADASZDKR,华大基因,0,(blank)
HUADASZDYT,华大基因,0,(blank)
HUADASZNCS,华大基因,0,(blank)
HUADASZNST,华大基因,0,(blank)
HUADASZNYT,华大基因,0,(blank)
HUADAWHWHS,华大基因,0,(blank)
HUANQSHTRD,Huanqing,N200029,Huanqing Supply Chain
HUASDNNTRD,HUASHIDA,N200278,Shenzhen Qianhaihuashida Supply Chain
HUAWDSHITS,HUAWEI,0,(blank)
HUAWEDGLSS,HUAWEI,N211530,HUAWEI
HUAWEDGNHS,HUAWEI,N200863,HUAWEI
HUAWEDGTRD,HUAWEI,N211028,HUAWEI
HUAWEDGTRT,HUAWEI,N190060,HUAWEI
HUAWEDHW1S,HUAWEI,N211635,HUAWEI
HUAWEDHW2S,HUAWEI,N190060,HUAWEI
HUAWEDHW3S,HUAWEI,S200025,HUAWEI
HUAWEDHW4S,HUAWEI,N200370,HUAWEI
HUAWEDHW5S,HUAWEI,0,(blank)
HUAWEDHWMS,HUAWEI,N211614,China Comservice Supply Chain
HUAWEDHWMS,HUAWEI,N211614,SF Express
HUAWEDHWTS,HUAWEI,N200370,HUAWEI
HUAWESZLHS,HUAWEI,N190153,HUAWEI
HUAWESZOFS,HUAWEI,0,(blank)
HUAYIKMTRT,Huayi life,N190123,huayi life (Beijing) e-commerce
HUAZBSHTRD,Huazhongbao,N211157,Huazhongbao
HUIJOSHTRT,Huijun,N190215,Shanghai Huijun Logistics
HUIJUSHTRT,Huijun,0,(blank)
HUILSGZTRT,Hui Lau Shan,0,(blank)
HUSQVSHMFS,Husqvarna,N211138,HUSQVARNA
HUTCHNMTRD,Hutchison Whampoa,0,(blank)
HWSXXBJT2T,NOKIA,N200240,Nokia Networks
HWSXXBJTRT,NOKIA,N200240,Nokia Networks
HWSXXBJXWS,NOKIA,N200240,Nokia Networks
HWSXXNSNXS,NOKIA,N200440,Nokia Networks
HZADMHNZZO,HZ SF LSHC,0,(blank)
HZBAKHNZZS,HZ SF LSHC,0,(blank)
HZBAKHNZZT,HZ SF LSHC,0,(blank)
HZBDXHNZZO,HZ SF LSHC,0,(blank)
HZBYAHNZZS,HZ SF LSHC,0,(blank)
HZBYAHNZZT,HZ SF LSHC,0,(blank)
HZFINHNZZO,HZ SF LSHC,0,(blank)
HZGESCDTRT,Hangzhou Zhenghui,0,(blank)
HZGESCDXXS,Hangzhou Zhenghui,0,(blank)
HZHRXHNZZO,HZ SF LSHC,0,(blank)
HZIDLHNZZS,HZ SF LSHC,0,(blank)
HZITXHNZZO,HZ SF LSHC,0,(blank)
HZLEPHNZZS,HZ SF LSHC,0,(blank)
HZLODHNZZT,HZ SF LSHC,0,(blank)
HZMGTHNZZO,HZ SF LSHC,0,(blank)
HZNBHHNZZS,HZ SF LSHC,0,(blank)
HZNBHHNZZT,HZ SF LSHC,0,(blank)
HZOTHHNZZS,HZ SF LSHC,0,(blank)
HZQAXHNZZO,HZ SF LSHC,0,(blank)
HZTOHHNZZS,HZ SF LSHC,0,(blank)
HZTOHHNZZT,HZ SF LSHC,0,(blank)
HZZHYHNZZS,HZ SF LSHC,0,(blank)
HZZHYHNZZT,HZ SF LSHC,0,(blank)
HZZSTHNZZS,HZ SF LSHC,0,(blank)
HZZSTHNZZT,HZ SF LSHC,0,(blank)
IBMXXGZIHC,IBM,0,(blank)
IDLEXBJALS,IDLE SPACE,0,(blank)
IDLEXBJXWS,IDLE SPACE,0,(blank)
IDLEXCDXXS,IDLE SPACE,0,(blank)
IDLEXGHD1S,IDLE SPACE,0,(blank)
IDLEXGZHPS,IDLE SPACE,0,(blank)
IDLEXSHDQS,IDLE SPACE,0,(blank)
IDLEXSHFSS,IDLE SPACE,0,(blank)
IDLEXSHHTS,IDLE SPACE,0,(blank)
IDLEXSHKQS,IDLE SPACE,0,(blank)
IDLEXSHMFS,IDLE SPACE,0,(blank)
IDLEXSHYXS,IDLE SPACE,0,(blank)
IDLEXSYXXS,IDLE SPACE,0,(blank)
IDLEXSZOFS,IDLE SPACE,0,(blank)
IDLEXWHFWS,IDLE SPACE,0,(blank)
IDLEXWHIHS,IDLE SPACE,0,(blank)
INDIGWHTRD,Indigo,N211617,Indigo Living
INFINSHTRD,INFINEON,N211331,INFINEON
INFINWXIFS,INFINEON,N190244,INFINEON
INFINWXWHS,INFINEON,N211632,INFINEON
INFISBJXWS,INFINEON,N200445,INFINEON
INTELCDIHS,INTEL,N211173,DHL Supply Chain
INTELCDXKS,INTEL,N200719,INTEL
ISCFZBD10F,ISC BD Fuzhou,0,(blank)
ISCNBBD04F,ISC BD Ningbo,0,(blank)
ISCNBBD05F,ISC BD Ningbo,0,(blank)
ISCOFBGOHF,ISC Overhead,0,(blank)
ISCOHBGOHF,ISC Overhead,0,(blank)
ISCSABGOHF,ISC Overhead,0,(blank)
ISCSEBGOHF,ISC Overhead,N211540,(blank)
ISCSFBGOHF,ISC Overhead,S211227,(blank)
ISCSHBD01F,ISC BD Shanghai,0,(blank)
ISCSHBD02F,ISC BD Shanghai,0,(blank)
ISCSHBD03F,ISC BD Shanghai,0,(blank)
ISCSNBGOHF,ISC Overhead,N211002,(blank)
ISCSSBGOHF,ISC Overhead,0,(blank)
ISCSXBGOHF,ISC Overhead,0,(blank)
ISCSZBD11F,ISC BD Shenzhen,0,(blank)
ISCXMBD07F,ISC BD Xiamen,0,(blank)
ISCXMBD08F,ISC BD Xiamen,0,(blank)
ISCXMBD09F,ISC BD Xiamen,0,(blank)
JCBUKSHIHS,JCB,N200887,DHL Supply Chain
JCBXXSHKQS,JCB,0,(blank)
JCBXXSHTRT,JCB,0,(blank)
JETSTCQTRD,Chongqing Jetstar,N200637,Chongqing Jetstar Logistics
JIANMSHLXS,Jianmin,N211570,Guangzhou Jianmin
JIANMSHTRR,Jianmin,N211570,Guangzhou Jianmin
JIANMSHTRT,Jianmin,N211570,Guangzhou Jianmin
JIARUSZTRT,Jiarui Food,N190150,SF Express
JIASEWXTRF,Jia Sheng,N200789,Faw Jiefang Automotive
JIASHWXTRT,Jia Sheng,N211140,Wu xi Jia sheng
JIMINJXJXR,济民可信,0,(blank)
JIMINJXJXT,济民可信,0,(blank)
JINGRSHTRT,Jingrui,N190250,Jing Rui Glasses
JINSHSHTRD,Ningbo Jinsheng,N200660,Ningbo Jinsheng International Logistics
JINYASHTRD,Zhejiang Jinyao,N211557,Zhejiang Jinyao international Logistics
JINYUKMTRD,Kunming Jinyu,N200659,Kunming Jinyu Logistics
JINYUKMTRD,Kunming Jinyu,N200659,Longchuan Pengjin Trading
JLADMJLCCO,JL SF LSHC,0,(blank)
JLANNJLCCS,JL SF LSHC,0,(blank)
JLBDXJLCCO,JL SF LSHC,0,(blank)
JLBRYJLCCS,JL SF LSHC,0,(blank)
JLDILJLCCS,JL SF LSHC,0,(blank)
JLFASJLCCS,JL SF LSHC,0,(blank)
JLFINJLCCO,JL SF LSHC,0,(blank)
JLGBIJLCCS,JL SF LSHC,0,(blank)
JLGYGJLCCS,JL SF LSHC,0,(blank)
JLHDYJLCCS,JL SF LSHC,0,(blank)
JLHRXJLCCO,JL SF LSHC,0,(blank)
JLHUDJLCCS,JL SF LSHC,0,(blank)
JLHUJJLCCS,JL SF LSHC,0,(blank)
JLHURJLCCS,JL SF LSHC,0,(blank)
JLIDLJLCCS,JL SF LSHC,0,(blank)
JLITXJLCCO,JL SF LSHC,0,(blank)
JLJIZJLCCS,JL SF LSHC,0,(blank)
JLJWKJLCCS,JL SF LSHC,0,(blank)
JLJZTJLCCS,JL SF LSHC,0,(blank)
JLLEPJLCCS,JL SF LSHC,0,(blank)
JLMEYJLCCS,JL SF LSHC,0,(blank)
JLMGTJLCCO,JL SF LSHC,0,(blank)
JLMKSJLCCS,JL SF LSHC,0,(blank)
JLNBHJLCCS,JL SF LSHC,0,(blank)
JLNBHJLCCT,JL SF LSHC,0,(blank)
JLOTHJLCCS,JL SF LSHC,0,(blank)
JLQAXJLCCO,JL SF LSHC,0,(blank)
JLQHDJLCCS,JL SF LSHC,0,(blank)
JLRXXBJIHS,TATA,N200112,(blank)
JLRXXBJTRT,TATA,0,(blank)
JLRXXCQJLS,TATA,N200112,(blank)
JLRXXFSIHS,TATA,N200112,(blank)
JLRXXFSTRT,TATA,0,(blank)
JLRXXSHTRT,TATA,N200530,JAGUAR LAND ROVER
JLRXXSUXDS,TATA,N200112,(blank)
JLSFEJLCCS,JL SF LSHC,0,(blank)
JLTOGJLCCS,JL SF LSHC,0,(blank)
JLWECJLCCS,JL SF LSHC,0,(blank)
JLWEGJLCCS,JL SF LSHC,0,(blank)
JLWHUJLCCS,JL SF LSHC,0,(blank)
JLXHUQDTRD,Jilin Xainghui,N211321,Ji Lin Xianghui Trading
JLZHJJLCCS,JL SF LSHC,0,(blank)
JMCXXTJJMS,Jiangling Motors,N200107,FORD MOTOR
JOHNCTJTRT,SMITHS GROUP,N211080,John Crane
JOHNDCDTRT,DEERE & COMPANY,N211702,John Deere
JOHNDCDXDS,DEERE & COMPANY,N211702,John Deere
JOHNSSHMFP,JOHNSON & JOHNSON,N190033,JOHNSON & JOHNSON
JOHNSSHMFS,JOHNSON & JOHNSON,N211097,JOHNSON & JOHNSON
JOHNSSHTRT,JOHNSON & JOHNSON,N190163,JOHNSON & JOHNSON
JSXGGNJIHS,Jiangsu Xiangguo,0,(blank)
JSZJSNJIHG,China State Construction,N200524,China State Construction
JSZJSNJLEG,China State Construction,N200766,China State Construction
JSZJSNJPKG,China State Construction,N200525,China State Construction
JTLYSBJXWS,SL - Jing Tong Lu Yuan,N200224C1,Beijing Jingtongluyuan Computer Device
JUZHOJSTRD,Shanghai Juzhou,N211461,Ju Zhou
JXBDXJXGZO,JX SF LSHC,0,(blank)
JXFINJXGZO,JX SF LSHC,0,(blank)
JXGEDJXGZO,JX SF LSHC,0,(blank)
JXITXJXGZO,JX SF LSHC,0,(blank)
JXMGTJXGZO,JX SF LSHC,0,(blank)
JXOPSJXGZS,JX SF LSHC,0,(blank)
JXQAXJXGZO,JX SF LSHC,0,(blank)
JYDDAJSTRF,Jiangyin Daoda,0,(blank)
JZTPHJLJLT,九州通,0,(blank)
KALSESHKQS,Kalsec,S190137,Kalsec
KALSESHTRT,Kalsec,S190137,Kalsec
KANGKSHTRT,Kangkun,N200092,Shanghai Kangkun Biotech
KERXXSHKQS,KERING,0,(blank)
KEYIXSYTRD,Keyi,N211030,Sky Technology Development
KEYSIBJIHS,KEYSIGHT,N211615,Keysight Technologies
KEYSISHIHS,KEYSIGHT,N200087,Keysight Technologies
KEYSISHYXS,KEYSIGHT,N190260,Keysight Technologies
KINDOCDXXS,Kindos,0,(blank)
KINDXCDTRT,Kindos Pharmaceutials,0,(blank)
KLATEBJDSS,KLA TENCOR,N211058,KLA-Tencor
KLATEDLTZS,KLA TENCOR,N200784,KLA-Tencor
KLATEGZHPS,KLA TENCOR,N211284,KLA-Tencor
KLATEHFCBS,KLA TENCOR,N200784,KLA-Tencor
KLATEJNWHS,KLA TENCOR,N200182,KLA-Tencor
KLATENJBYS,KLA TENCOR,N211058,KLA-Tencor
KLATEQDIHS,KLA TENCOR,N211241,KLA-Tencor
KLATESHTRD,KLA TENCOR,N211151,KLA-Tencor
KLATESHWHS,KLA TENCOR,N211430,KLA-Tencor
KLATESHWQS,KLA TENCOR,N200501,KLA-Tencor
KLATESHZCS,KLA TENCOR,N211098,KLA-Tencor
KLATEWHSLS,KLA TENCOR,N200784,KLA-Tencor
KLATEXAEPS,KLA TENCOR,N200753,KLA-Tencor
KLATEXMNSS,KLA TENCOR,N200784,KLA-Tencor
KLRHYBJCYT,昆仑润滑油,0,(blank)
KLRHYBJTRT,昆仑润滑油,N211497,Kunlun Lube
KLRHYBJWHS,昆仑润滑油,N200330,Kunlun Lube
KLRHYCDTRT,昆仑润滑油,N211390,Kunlun Lube
KLRHYDLTDT,昆仑润滑油,N200723,Kunlun Lube
KLRHYDLTPT,昆仑润滑油,N211506,Kunlun Lube
KLRHYDLTRT,昆仑润滑油,N200567,Kunlun Lube
KLRHYDLWHS,昆仑润滑油,0,(blank)
KLRHYDQIHS,昆仑润滑油,N211521,Kunlun Lube
KLRHYDQTRT,昆仑润滑油,0,(blank)
KLRHYKLTRT,昆仑润滑油,0,(blank)
KLRHYLATDT,昆仑润滑油,N211249,Kunlun Lube
KLRHYLATRT,昆仑润滑油,0,(blank)
KLRHYLAWHS,昆仑润滑油,N200366,Kunlun Lube
KLRHYTCIHS,昆仑润滑油,N211181,Kunlun Lube
KLRHYTCTRT,昆仑润滑油,N200891,Kunlun Lube
KLRHYTCWHS,昆仑润滑油,N211294,Kunlun Lube
KLRHYWHTRT,昆仑润滑油,N200787,Kunlun Lube
KLRHYXJTRT,昆仑润滑油,N200854,Kunlun Lube
KODAKSHMFS,Kodak,0,(blank)
KONEXCDXDS,KONE,N200808,KONE
KONICDGTDT,KONICA MINOLTA,N211243,KONICA MINOLTA
KONICDGTPT,KONICA MINOLTA,N210963C1,KONICA MINOLTA
KONICDGTRT,KONICA MINOLTA,N211243,KONICA MINOLTA
KONICSHDQS,KONICA MINOLTA,S211597,KONICA MINOLTA
KONICWXTDT,KONICA MINOLTA,N211134,KONICA MINOLTA
KONICWXTPT,KONICA MINOLTA,N211134,KONICA MINOLTA
KONICWXTRT,KONICA MINOLTA,N211243,KONICA MINOLTA
KRAFTSHKQS,KRAFT HEINZ,0,(blank)
KUDOSSHTRT,Kudosbay,0,(blank)
KUKAXCZTRD,KUKA,0,(blank)
KUKAXCZWJS,KUKA,0,(blank)
KUKAXHZTRD,KUKA,0,(blank)
KUKAXJHWHS,KUKA,0,(blank)
KUKAXJSTRD,KUKA,0,(blank)
KUKAXWXIHS,KUKA,0,(blank)
KUKAXYCTRD,KUKA,0,(blank)
KUKAXYCYDS,KUKA,0,(blank)
KUNCHCSTRD,KUNCHI,0,(blank)
KUNLNBJTRT,昆仑润滑油,N200841,(blank)
KUNLNBJWHS,昆仑润滑油,N200841C1,Kunlun Lube
KUNLNDLTDT,昆仑润滑油,0,(blank)
KUNLNDLTPT,昆仑润滑油,N211598,Kunlun Lube
KUNLNDLTRT,昆仑润滑油,N200852,Kunlun Lube
KUNLNDQIHS,昆仑润滑油,0,(blank)
KUNLNDQTRT,昆仑润滑油,0,(blank)
KUNLNLATDT,昆仑润滑油,0,(blank)
KUNLNLAWHS,昆仑润滑油,N200837,Kunlun Lube
KUNLNTCIHS,昆仑润滑油,0,(blank)
KUNLNTCTRT,昆仑润滑油,0,(blank)
KUNLNTCWHS,昆仑润滑油,0,(blank)
KUNLNWHTRT,昆仑润滑油,0,(blank)
KUNLNXJTRT,昆仑润滑油,0,(blank)
LAMREBJDSS,LAM RESEARCH,N200476,LAM RESEARCH
LAMRECDXXS,LAM RESEARCH,0,(blank)
LAMREDLTZS,LAM RESEARCH,N200476,LAM RESEARCH
LAMREHFCBS,LAM RESEARCH,N200476,LAM RESEARCH
LAMRENJLHS,LAM RESEARCH,N200476,LAM RESEARCH
LAMRESHLDS,LAM RESEARCH,N200476,LAM RESEARCH
LAMREWHSLS,LAM RESEARCH,N200476,LAM RESEARCH
LAMREWXIHS,LAM RESEARCH,N190166,LAM RESEARCH
LAMREXAEPS,LAM RESEARCH,N200476,LAM RESEARCH
LAMREXMXAS,LAM RESEARCH,N200476,LAM RESEARCH
LANDBSHKQP,Landbase,N190040,Landbase
LANDBSHTRD,Landbase,N200047,Landbase
LEADXWXCNS,Wuxi Lead,N210944,Wuxi Lead Intelligent Equipment
LEADXWXIHS,Wuxi Lead,N211081,Wuxi Lead Intelligent Equipment
LEARXCSLGS,LEAR CORPORATION,0,(blank)
LEARXCSXXS,LEAR CORPORATION,0,(blank)
LEARXSHTRT,LEAR CORPORATION,0,(blank)
LEARXWHTRT,LEAR CORPORATION,0,(blank)
LEMARBJXWS,LEXMARK,N200751,LEXMARK
LEMARGHD2S,LEXMARK,N200751,LEXMARK
LEMARSHTRT,LEXMARK,N210956,LEXMARK
LEMARSHYXS,LEXMARK,N200751,LEXMARK
LENXXSHTRD,LENOVO,N200299,Lenovo Corporate
LENXXSHYXS,LENOVO,N200299,Lenovo Corporate
LEOPACSXXS,Changfeng Group,0,(blank)
LEOPAJMZXS,Changfeng Group,0,(blank)
LFRDATJLZT,Lifuruida,N211136,Beijing Lifuruida
LFRDXTJLZS,利福瑞达,N200226,Beijing Lifuruida
LFRDXTJLZT,利福瑞达,N200226,Beijing Lifuruida
LGCSCSHKQS,LGC Standards,0,(blank)
LIAOYLNTDD,Liao Yuan,N211088,"Jinzhou liaoyuan Logistics co.,ltd"
LIAOYLNTRD,Liao Yuan,N211088,"Jinzhou liaoyuan Logistics co.,ltd"
LIFUNSZLHM,LI & FUNG,0,(blank)
LINDTSHKQP,LINDT & SPRUENGLI,N200266,Lindt
LINDTSHKQR,LINDT & SPRUENGLI,N211130,Lindt
LINDTSHKQS,LINDT & SPRUENGLI,N200266,Lindt
LINDTSHTRT,LINDT & SPRUENGLI,N200266,Lindt
LINKDJSTRD,Linkdata,N200664,LD GROUP
LINKESHTRT,LinkedCare,N200228,Linkedcare
LINUOJNTRD,Linuo,N200868,Linuo PV Group
LITEOGZTRD,Lite-on,N200507,Lite-On
LITONGZTRT,PEPSICO,0,(blank)
LITONSHTRT,PEPSICO,0,(blank)
LONGISHTRT,LONGi,0,(blank)
LONGIXATRT,LONGi,N200110,LONGi Green Energy Technology
LOXSOJSTRD,Loxson,N200672,Loxson Logistic
LQLUGQDTRD,Linqing Lugang,N200681,Qingdao Haihang Jieyun Intl
LSHBDBGOHS,LSH Overhead,0,(blank)
LSHOFBGOHS,LSH Overhead,0,(blank)
LSHOHBGOHS,LSH Overhead,0,(blank)
LSHOTBGOHS,LSH Overhead,0,(blank)
LSHYYBGOHS,LSH-TS Overhead,0,(blank)
LSHZQBGOHS,ZQ-TS Overhead,0,(blank)
LSWANWXCJS,Midea,0,(blank)
LUCKIBJALS,Luckin,N211630,Beijing Jinjianweiye Logistics
LUCKIBJALS,Luckin,N211630,Luckin
LUCKIBJTRT,Luckin,N211630,Luckin
LUCKICNTRT,Luckin,N211630,Luckin
LUCKISHDQS,Luckin,N211630,Luckin
LUCKISHTDT,Luckin,0,(blank)
LUCKISHTRD,Luckin,N211630,Luckin
LUCKISHTRT,Luckin,N211630,Luckin
LUCKISJLQS,Luckin,N211630,Luckin
LUCKISJTRD,Luckin,N211630,Luckin
LUCKITJXQS,Luckin,0,(blank)
LZBSHLATRT,Lanzhou BSH,N200280,Sinopec
MAETADGTRT,Maetay Electronic,0,(blank)
MARQTSHTRD,Marquardt,N211179,Marquardt
MARSXBJALP,MARS,S200613,Mars Wrigley Confectionary
MARSXBJALS,MARS,N200049,Mars Petcare
MARSXBJSHD,MARS,0,(blank)
MARSXBJSHS,MARS,N211320,Mars Wrigley Confectionary
MARSXBJTRT,MARS,0,(blank)
MARSXCDXXP,MARS,N200834,Mars Wrigley Confectionary
MARSXCDXXS,MARS,N211393C1,Mars Wrigley Confectionary
MARSXCNTRT,MARS,0,(blank)
MARSXGDTRT,MARS,S211510,Mars Wrigley Confectionary
MARSXJXXWP,MARS,N211438,Mars Wrigley Confectionary
MARSXJXXWS,MARS,N211194,Mars Wrigley Confectionary
MARSXJXXWS,MARS,N211194,Taotong
MARSXNJIHS,MARS,0,(blank)
MARSXSHTRT,MARS,N200625,Mars Wrigley Confectionary
MARSXSYFMS,MARS,N211469C1,Jilin Chengquan Logistics
MARSXSYFMS,MARS,N211469C1,Mars Wrigley Confectionary
MARSXSYTRT,MARS,N200707,Jilin Chengquan Logistics
MARSXWHIHP,MARS,N200360,Mars Wrigley Confectionary
MARSXWHIHS,MARS,0,(blank)
MARYKHZIHS,Mary Kay Cosmetics,N200513C1,Mary Kay Cosmetics
MAXIMGZTRT,Maxim,N200774,Maxims
MBXXXSHKQS,Miltenyi Biotec,0,(blank)
MBXXXSHTRT,Miltenyi Biotec,0,(blank)
MEITYBJTRD,Meitaoyuan,S211364,Beijing Meitaoyuan Culture Communication Co. Ltd
MERCKBJXWV,Merck,N211344,Merck Group
MICHEBJXWS,MICHELIN,N211217,MICHELIN
MICHESHIHS,MICHELIN,N211215,MICHELIN
MICHESHTRT,MICHELIN,N211214,MICHELIN
MICHESHXCS,MICHELIN,N211214,MICHELIN
MICHESYTRT,MICHELIN,N200792C1,MICHELIN
MICHETCTGS,MICHELIN,N211214,MICHELIN
MICHETCTRT,MICHELIN,N211214,MICHELIN
MIDEASUCHS,Midea,S200846,Midea
MIDEASZXCS,Midea,N200791,Midea
MIGTMSHBSS,MEDTRONIC,0,(blank)
MIGTMSSFTP,MEDTRONIC,0,(blank)
MIGTMSSFTS,MEDTRONIC,N211292,MEDTRONIC
MINDRSZDCS,迈瑞医疗,0,(blank)
MINDRSZDKR,迈瑞医疗,0,(blank)
MINDRSZDYT,迈瑞医疗,0,(blank)
MINDRSZNCS,迈瑞医疗,0,(blank)
MINDRSZNYT,迈瑞医疗,0,(blank)
MINGYCDXXS,MingYu logistic,N210983,MingYu logistic
MINGYSYFMS,MingYu logistic,N210970,MingYu logistic
MLBKDSHTRD,MLB,N211374,MLB
MLBKDSHWHS,MLB,N211374,MLB
MLTRAHZTRD,Mltrans,0,(blank)
MODPHSXTRT,Modern Pharmaceutical ,N190110,Shaanxi Modern Pharmaceutical
MOLEXSHBSH,MOLEX,0,(blank)
MOLEXSHBSS,MOLEX,N200770,(blank)
MTDIGNTTRT,Civilization Mengyi Group,N211645,Civilization Mengyi Group
MTDIGNTTRW,Civilization Mengyi Group,N200198,Civilization Mengyi Group
NBAUTCNAUS,Budget New Business - Automotive,0,(blank)
NBAUTCNAUT,Budget New Business - Automotive,0,(blank)
NBAUTCNEMT,Budget New Business - Automotive,0,(blank)
NBAUTCNGSF,Budget New Business - Automotive,0,(blank)
NBAUTCNGST,Budget New Business - Automotive,0,(blank)
NBAUTCNTDT,Budget New Business - Automotive,0,(blank)
NBCHECNCMS,Budget New Business - Chemicals,0,(blank)
NBCONCNCOS,Budget New Business - Consumer,0,(blank)
NBCONCNCOT,Budget New Business - Consumer,0,(blank)
NBCONCNCOW,Budget New Business - Consumer,0,(blank)
NBCONCNTDT,Budget New Business - Consumer,0,(blank)
NBENECNTDT,Budget New Business - Energy,0,(blank)
NBHEACNLHS,Budget New Business - Healthcare,0,(blank)
NBHEACNLHT,Budget New Business - Healthcare,0,(blank)
NBHEACNLHW,Budget New Business - Healthcare,0,(blank)
NBHEACNTDT,Budget New Business - Healthcare,0,(blank)
NBINDCNEMS,Budget New Business - Industrial,0,(blank)
NBINDCNEMT,Budget New Business - Industrial,0,(blank)
NBINDCNEMW,Budget New Business - Industrial,0,(blank)
NBINDCNTDT,Budget New Business - Industrial,0,(blank)
NBRETCNRES,Budget New Business - Retail,0,(blank)
NBRETCNRET,Budget New Business - Retail,0,(blank)
NBRETCNREW,Budget New Business - Retail,0,(blank)
NBRETCNTDT,Budget New Business - Retail,0,(blank)
NBSPDCNAUD,Budget New Business - Automotive,0,(blank)
NBSPDCNAUS,Budget New Business - Automotive,0,(blank)
NBTCMCNTCT,Budget New Business - Technology,0,(blank)
NBTECCNTCS,Budget New Business - Technology,0,(blank)
NBTECCNTCT,Budget New Business - Technology,0,(blank)
NBTECCNTCW,Budget New Business - Technology,0,(blank)
NBTECCNTDT,Budget New Business - Technology,0,(blank)
NBTSLCNTCS,Budget New Business - Technology,0,(blank)
NBTSLCNTCT,Budget New Business - Technology,0,(blank)
NBTSLCNTCW,Budget New Business - Technology,0,(blank)
NBTSLCNTDT,Budget New Business - Technology,0,(blank)
NBTSYCNDWS,LSH-TS 新客户,0,(blank)
NBTSYCNDWT,LSH-TS 新客户,0,(blank)
NBTSYCNTSC,LSH-TS 新客户,0,(blank)
NBTSYCNTSS,LSH-TS 新客户,0,(blank)
NBTSYCNTST,LSH-TS 新客户,0,(blank)
NBTSZCNTSC,ZQ-TS 新客户,0,(blank)
NBTSZCNTSS,ZQ-TS 新客户,0,(blank)
NBTSZCNTST,ZQ-TS 新客户,0,(blank)
NBXEICNEIS,Budget New Business - Emerging,0,(blank)
NBXEICNEIT,Budget New Business - Emerging,0,(blank)
NBXHFCNHFS,Budget New Business - Home Furnishing,0,(blank)
NBXHFCNHFT,Budget New Business - Home Furnishing,0,(blank)
NESPRSHTRR,Nespresso,N200085,Nespresso
NESPRSHTRR,Nespresso,N200085,NESTLE
NESTLDGTRT,NESTLE,N190074,NESTLE
NESTLSYTRT,NESTLE,N190074,NESTLE
NETRASHDQS,Netrada,0,(blank)
NEUSMBJTRD,Neusoft Medical Systems,N211129,Neusoft Medical Systems
NEUSMBJXWS,Neusoft Medical Systems,N211044,Neusoft Medical Systems
NEUSMGHD1S,Neusoft Medical Systems,N211044,Neusoft Medical Systems
NEWBAJSTRD,New Balance,N200090,New Balance
NEXPEDGIHS,Nexperia,N190165,Nexperia
NEXPEDGTMS,Nexperia,N200865,Nexperia
NEXPEDGWHS,Nexperia,0,(blank)
NEXPESHBSS,Nexperia,0,(blank)
NIANCSHDQS,NIANCE,N211077,NIANCE
NIANCSHTDD,NIANCE,N200265,NIANCE
NIANCSHTRD,NIANCE,N211077,NIANCE
NIANYTJTRT,Nianyu Transportation,N200514,Handan Nianyu Transportation Device
NIDECBJTRD,Nidec,N200830,Nidec
NIDECQDTRD,Nidec,S211684,Nidec
NIKECSHKQM,NIKE,0,(blank)
NISSASHTRT,NISSAN,0,(blank)
NITTOSHDQS,NITTO DENKO GROUP,0,(blank)
NITTOSHTDD,NITTO DENKO GROUP,N211010,Nitto Denko Electronics
NITTOSHTRD,NITTO DENKO GROUP,N211010,Nitto Denko Electronics
NIYAZSHSJG,Razer,N211516,Shanghai Niyazi Technology Ltd.
NIYAZSHSJG,Razer,N211516,翰林汇信息产业股份有限公司
NJGCJNJIHG,Nanjing Gongchuangjia,N200529,Nanjing Gongchuangjia Supply Chain Management
NNCETNNZXS,Nanning Center,0,(blank)
NSBSHSHJQS,NOKIA,N190259,Nokia Networks
NSBSHSHYXS,NOKIA,N211182C1,Nokia Networks
NUTRISHTRT,Nutricia,N211078,Nutricia
OAKCTSZTRD,Oak coffee&tea,N200522,Oak Coffee & Tea
OGAWASHJDS,Ogawa,N200275,OGAWA
OLYXXSHKQS,OLYMPUS,N211067,Olympus Lifescience
OLYXXSHTRT,OLYMPUS,N200647,Olympus Lifescience
ONSEMSHFTH,ON SEMICONDUCTOR,0,(blank)
ONSEMSHFTS,ON SEMICONDUCTOR,0,(blank)
OPPEICNTRD,OPPEIN,0,(blank)
OTAUTCNAUS,Other Customers Automotive,0,(blank)
OTAUTCNTRT,TD Overhead - Automotive,0,(blank)
OTCHECDXXS,Other Customers Chemicals,0,(blank)
OTCHESHFSS,Other Customers Chemicals,N200696,CLARIANT
OTCONCNTRT,TD Overhead - Consumer,0,(blank)
OTCONSHKQG,Other Customers Consumer,0,(blank)
OTCONSHKQS,Other Customers Consumer,S190098,(blank)
OTCONSYFMS,Other Customers Consumer,0,(blank)
OTHCMCNTRT,Other Customers CM,0,(blank)
OTHCMCNWHS,Other Customers CM,0,(blank)
OTHEACNTRT,TD Overhead - Healthcare,0,(blank)
OTHEASHFSS,LSH Overhead,0,(blank)
OTHEASHKQS,Other Customers Healthcare,0,(blank)
OTHEMCNEMD,Other Customers Industrial,N200578,Fushun Special Steel
Other Adjustment,Other Adjustment,0,(blank)
OTHERBJOTS,Other Customers Others,0,(blank)
OTHERBJTRT,Other Customers Others,N200305,SF Express
OTHERSHDQS,Other Profit(JV),0,(blank)
OTHERSHITS,Other Customers Others,0,(blank)
OTHERSHKQS,Other Customers Others,0,(blank)
OTINDCNTRT,TD Overhead - Industrial,0,(blank)
OTISXCQIHS,OTIS,N211363C1,Otis
OTISXGZHPS,OTIS,N211133,Otis
OTISXSHIHS,OTIS,N210924C1,Otis
OTISXSHTRD,OTIS,N211132,Otis
OTRETCNTRT,TD Overhead - Retail,0,(blank)
OTTECBJXWS,Other Customers Technology,N211057,BAIC IEC
OTTECBJXWS,Other Customers Technology,N211057,Bejing Penglong Tianchuang
OTTECCNTRT,TD Overhead - Technology,0,(blank)
OTTECSDXXS,Other Customers Technology,N211203,Sekiden
OTTECSHBSS,Other Customers Technology,0,(blank)
OTTECSHDQS,Other Customers Technology,0,(blank)
OTTECSHFJS,Other Customers Technology,0,(blank)
OTTECSHFSS,Other Customers Technology,0,(blank)
OTTECSHKQS,Other Customers Technology,0,(blank)
OTTECSHYXS,Other Customers Technology,0,(blank)
OTTECWXTRT,Other Customers Technology,0,(blank)
OTTSLBJXWS,Other Customers Technology,N211559,"Wal-Mart (Beijing) Commercial Retail Co., Ltd."
OTTSLSHHTS,Other Customers Technology,0,(blank)
OTYPESHSJS,Otype,N211045,Bluefocus Otype
OTYPESHTRR,Otype,N211045,Bluefocus Otype
OULUXSHTRT,WHITBREAD,0,(blank)
OUTSFSHDQS,Outerstuff,N200620,Outerstuff
OUTSFSHTRD,Outerstuff,N200620,Outerstuff
OUTSFSHTRT,Outerstuff,N200620,Outerstuff
OZUKATJTRT,中国大冢,0,(blank)
PAHYSFZTRR,平安好医生,N200235,(blank)
PAHYSJXJXR,平安好医生,0,(blank)
PAHYSJXJXT,平安好医生,N200235,(blank)
PAHYSJXWHG,Ping An HYS,N211355,Ping An Health
PAHYSNXTRR,平安好医生,N200235,(blank)
PAHYSSHSHC,平安好医生,N200235,(blank)
PAHYSSHSHR,平安好医生,0,(blank)
PAHYSSHSHS,平安好医生,N200235,(blank)
PAHYSSUTRT,平安好医生,0,(blank)
PANASSHKQS,Panasonic - Technology,N200742,Panasonic Corporate
PENGJKMTRD,Longchuan Pengjin,0,(blank)
PEPSISHTDT,PEPSICO,N211414,PEPSICO
PEPSISHTRT,PEPSICO,N211414,PEPSICO
PERNOBJALS,PERNOD RICARD,0,(blank)
PERNOBJTRT,PERNOD RICARD,0,(blank)
PERNOSHFSH,PERNOD RICARD,N211542,PERNOD RICARD
PERNOSHFSS,PERNOD RICARD,N211542,PERNOD RICARD
PERNOSHM2S,PERNOD RICARD,N211542,PERNOD RICARD
PERNOSHMFS,PERNOD RICARD,N211542,PERNOD RICARD
PERNOSHTRD,PERNOD RICARD,N211319,PERNOD RICARD
PERNOSHTRT,PERNOD RICARD,0,(blank)
PGXXXBJXWM,PROCTER & GAMBLE,0,(blank)
PHILIKSLJP,PHILIPS MEDICAL,N211034,Philips Health Systems
PHILIKSLJS,PHILIPS MEDICAL,N211034,Philips Health Systems
PINGATJXQS,Ping’an Shangmao,N200096,Fugui Pingan
PMIXXSHTRT,PMI,N211451,Pacific Market International
POUSHSHTRD,Pou Sheng Int’l,N211281,Pou Sheng Int'l
PRDONSHTRD,RR Donnelley,N190089,RR Donnelley
PRIMADGTRD,Primax ET,N200451,Primax ET
PROLOFSIHS,Prologis,N210919,Prologis
PROSPBJSJS,Prosper Center,0,(blank)
PULIEQDTRD,Qingdao Pulieen,N211359,Qingdao Pulieen
QDGYTQDTRD,Qingdao Gangyitong,N200679,Linqing Lugang International
QDHHJQDTRD,Qingdao Haihang Jieyun,0,(blank)
QILUPJNJNR,齐鲁制药,0,(blank)
QILUPJNJNT,齐鲁制药,0,(blank)
QINGHSHTRR,Qinghui,N200205,"Qinghui new material technology (Shanghai) Co., Ltd"
QJXMTYNTRD,Qujing Xinming Trading,N200895,Qujing Xinming Trading
RAYCOWXIHS,Rayco,N200717,PARKER HANNIFIN
RAZERKSTRD,Razer,N211590,Razer
RAZERKSTRD,Razer,N211590,Shanghai SAIC Information Technology
RAZERSHSJG,Razer,N200577,Shanghai SAIC Information Technology
RAZERSHSJS,Razer,N211590,Shanghai SAIC Information Technology
RAZERSHTRD,Razer,N211590,Shanghai SAIC Information Technology
REVENREVXE,Real Estate Venturing,0,(blank)
RF360WXIHV,RF360 Technology,N211564,RF360 Technology
RICHESHTRT,RICHEMONT INTERNATIONAL,N211180,Richemont
ROCHESHTRT,ROCHE,N211646,Roche Diagnostics
RTPXXTJMTS,MOTOROLA SOLUTIONS,0,(blank)
RUNWASXTRT,Runwang,N190235,Runwang Supply Chain
RYOSHSHTRT,MITSUBISHI ELECTRIC,0,(blank)
RYOSHSHYXV,MITSUBISHI ELECTRIC,0,(blank)
SAICHNJTRD,SaiCheng,N200187,SaiCheng
SAVIOSHJDS,Savio,N211137,Savio Trading
SCHNESHTRD,Schneider,N211529,SCHNEIDER ELECTRIC
SCHUESHIHS,Schueco,N200542C1,Schueco
SCREESHZCS,DAINIPPON SCREEN,H200450,DHL Supply Chain
SCREESHZCS,DAINIPPON SCREEN,H200450,DSC Logistics
SCREESHZCS,DAINIPPON SCREEN,H200450,SCREEN Graphic + Precision Solution
SDADMSDLYO,SF XY LSHC,0,(blank)
SDBDXSDLYO,SF XY LSHC,0,(blank)
SDDRYSDLYS,SF XY LSHC,0,(blank)
SDDRYSDLYT,SF XY LSHC,0,(blank)
SDFINSDLYO,SF XY LSHC,0,(blank)
SDHRXSDLYO,SF XY LSHC,0,(blank)
SDIDLSDLYS,SF XY LSHC,0,(blank)
SDITXSDLYO,SF XY LSHC,0,(blank)
SDLEPSDLYS,SF XY LSHC,0,(blank)
SDMGTSDLYO,SF XY LSHC,0,(blank)
SDNBHSDLYS,SF XY LSHC,0,(blank)
SDNBHSDLYT,SF XY LSHC,0,(blank)
SDOPSSDLYS,SF XY LSHC,0,(blank)
SDOTHSDLYS,SF XY LSHC,0,(blank)
SDQAXSDLYO,SF XY LSHC,0,(blank)
SDRHTSDLYS,SF XY LSHC,0,(blank)
SDRHTSDLYT,SF XY LSHC,0,(blank)
SENSACZIHS,SENSATA,N211439C1,SENSATA
SENSALZDCS,SENSATA,0,(blank)
SENSOSHJMS,Sensori+,N211426,Sensori+
SENSOSHMGS,Sensori+,N211426,Sensori+
SERAPCZTRF,Seraphim,0,(blank)
SERAPSXTDT,Seraphim,N200570C1,Seraphim
SERAPSXTPT,Seraphim,N200570C1,Seraphim
SFDSCCNHDZ,Suzhou Hengding,0,(blank)
SFDSCCNXXZ,Default,0,(blank)
SFDSCSAPXZ,Default,0,(blank)
SFECCSHTRD,ECCO,N211361,上海顺啸丰运输有限公司
SFELCSHMHS,SF-ELC,N200750,SF Express
SFETNBJXWS,SF-Eaton,N211585,SF Express
SFETNSHYXS,SF-Eaton,N211585,SF Express
SFJNJBJXWS,SF-JNJ,N200466,SF Express
SFJNJSHWHS,SF-JNJ,0,(blank)
SFMIDWHTRD,SF-Midea,N190106,SF Express
SFMLCSHTRT,SF-Melaleuca,N200866C1,SF Express
SFNIOSYTRT,SF-NIO,N200788,SF Express
SFUNICDTRT,SF-UNIQLO,N200471,Shanghai Shunheng Logistic
SFWATGZTRD,SF-Watsons,N211318,SF Express
SFZDAJSTRD,SF Zhida,N211395,SF Zhida
SGCCXBDXAT,国家电网,N211705,State Grid Corporation
SGCCXBJTRT,国家电网,N211561,State Grid Corporation
SGCCXCQDWT,国家电网,N211629,State Grid Corporation
SGCCXCQTRT,国家电网,N211123,State Grid Corporation
SGCCXCQXMC,国家电网,0,(blank)
SGCCXCQXMS,国家电网,0,(blank)
SGCCXCQXMT,国家电网,0,(blank)
SGCCXFJTRT,国家电网,N200894,State Grid Corporation
SGCCXJSTRT,国家电网,N211340,State Grid Corporation
SGCCZBJIHC,国家电网,N211278,State Grid Corporation
SGCCZBJWHC,国家电网,N200851,State Grid Corporation
SGCCZTJIHC,国家电网,N211653,"State Grid Zhilian e-commerce Co., Ltd"
SGMWACQSGS,GENERAL MOTORS,N211025,SGMW
SGMWACQYLS,GENERAL MOTORS,0,(blank)
SGMWALZB1S,GENERAL MOTORS,N200856,SGMW
SGMWALZB2S,GENERAL MOTORS,N200856,SGMW
SGMWALZB3S,GENERAL MOTORS,N200856,SGMW
SGMWALZB4S,GENERAL MOTORS,0,(blank)
SGMWALZB5D,GENERAL MOTORS,N211006,SGMW
SGMWALZB6S,GENERAL MOTORS,N200856,SGMW
SGMWALZB7S,GENERAL MOTORS,N200856,SGMW
SGMWALZB8S,GENERAL MOTORS,N211443,SGMW
SGMWALZH1S,GENERAL MOTORS,N211006,SGMW
SGMWALZH2S,GENERAL MOTORS,N200323,SGMW
SGMWALZH3S,GENERAL MOTORS,N200557,SAGW
SGMWAQDHDS,GENERAL MOTORS,N211025,SGMW
SGMWATLYZS,GENERAL MOTORS,N211025,SGMW
SGMWAXAKGS,GENERAL MOTORS,N211025,SGMW
SHDQCSDTRD,SDQC,N211311,SDQC
SHEHKSHTWS,SHELL,N190189,Shell Downstream
SHELLBJTRT,SHELL,0,(blank)
SHELLBJWHS,SHELL,N211022,ROYAL DUTCH SHELL
SHNVAZBZBR,新华医疗,0,(blank)
SHNVAZBZBT,新华医疗,0,(blank)
SIEMEBJXWM,SIEMENS,0,(blank)
SIEMEDLWHS,SIEMENS,N200638,SIEMENS
SIEMESUEPG,SIEMENS,0,(blank)
SIEMESUEPS,SIEMENS,N200601,DHL Express
SIEMESUEPS,SIEMENS,N200601,SIEMENS
SIEMESUEPS,SIEMENS,N200601,Suzhou Kemiyou Technology
SIEMESUTRT,SIEMENS,N200024C1,SIEMENS
SIEMHSHTRD,SIEMENS - Healthcare,N200649,Siemens Healthineers
SIEMISHTRT,SIEMENS,0,(blank)
SIEMISHY2S,SIEMENS,0,(blank)
SIIXSSHTRT,SIIX,S211581,"SIIX （shanghai）Co.,Ltd"
SINCESHYXS,Sincero,N190225,Sincero
SINEPSHTRT,Shanghai SINE Pharmaceutical,N210987,Shanghai SINE Pharmaceutical Co
SINODSHYXS,Sinodis,N190037,Sinodis
SINOESZTRF,Sinoeex,N211289,sinoeex holdings corporation
SINOPBJBJR,国药,0,(blank)
SINOPSHSHT,国药,0,(blank)
SINORBJXWS,SinoRail Info Engineering Group,N211062,SinoRail Info Engineering Group
SKFCNSHMFS,SKF - Technology,N211099,SKF
SKFSHDLSMS,SKF - Industrial,N210936,SKF
SKFSHSHIHS,SKF - Industrial,N210936,SKF
SKFXXSHFSH,SKF - Industrial,0,(blank)
SKFXXSHFSS,SKF - Industrial,0,(blank)
SKFXXSHMFS,SKF - Industrial,0,(blank)
SKFXXSHSYH,SKF - Industrial,0,(blank)
SKFXXSHSYS,SKF - Industrial,0,(blank)
SOLVASHFSH,SOLVAY,N190062C1,Solvay Chemicals
SOLVASHFSS,SOLVAY,N200696,Solvay Chemicals
SOLVASHMFS,SOLVAY,N190062C1,Solvay Chemicals
SONYXSHTDT,SONY,N211087,Sony Corporate
SONYXSHTRD,SONY,N211120,Sony Corporate
SPDOFBGOHS,SPD Overhead,0,(blank)
SPDOHBGOHS,SPD Overhead,0,(blank)
SQUIBSHHTS,SQUIBB,N200703,BRISTOL-MYERS SQUIBB
SQUIBSHTRD,SQUIBB,N200845,BRISTOL-MYERS SQUIBB
SSPYYSHTRT,SSP Group,N211537,SSP Group Hangzhou Branch
STARBBJALS,STARBUCKS,N200698,STARBUCKS
STARBBJTRT,STARBUCKS,N200698,STARBUCKS
STARBBJZWS,STARBUCKS,N211254,STARBUCKS
STARBCDTRT,STARBUCKS,N200698,STARBUCKS
STARBCDXXS,STARBUCKS,N200698,STARBUCKS
STARBGZHPS,STARBUCKS,N200698,Dongguan Shunbang Logistics
STARBGZHPS,STARBUCKS,N200698,STARBUCKS
STARBGZTRT,STARBUCKS,N200698,STARBUCKS
STARBHZSCS,STARBUCKS,N211343,STARBUCKS
STARBQDTRT,STARBUCKS,N200698,STARBUCKS
STARBSHHTS,STARBUCKS,N210957C1,STARBUCKS
STARBSHLGS,STARBUCKS,N200698,STARBUCKS
STARBSHTRT,STARBUCKS,N200703,STARBUCKS
STARBSYTRT,STARBUCKS,N211349C1,STARBUCKS
STARBSYXXS,STARBUCKS,N211349C1,STARBUCKS
STARBSZQAS,STARBUCKS,N211042,STARBUCKS
STARBWHTRT,STARBUCKS,N190167,STARBUCKS
STARBXATRT,STARBUCKS,N190167,STARBUCKS
STARBXMTRT,STARBUCKS,N190167,STARBUCKS
STATESHTRD,State Grid,N200670,State Grid Corporation
SUNTEWXTDT,Wuxi Suntech Power,N190130,Wuxi Suntech Power
SUNTEWXTRT,Wuxi Suntech Power,N200042,LONGi Green Energy Technology
SUNTEWXTRT,Wuxi Suntech Power,N200042,Wuxi Suntech Power
SVWAXNBB1S,SVW,N211441,SAIC-Volkswagen
SVWAXNBB1S,SVW,N211441,SAIC-Volkswagen
SVWAXNBB2S,SVW,N211441,SAIC-Volkswagen
SVWAXNBB2S,SVW,N211441,SAIC-Volkswagen
SVWAXNBC1S,SVW,N211441,SAIC-Volkswagen
SVWAXNBC1S,SVW,N211441,SAIC-Volkswagen
SVWAXNBC2S,SVW,N211441,SAIC-Volkswagen
SVWAXNBC2S,SVW,N211441,SAIC-Volkswagen
SVWAXNBP1S,SVW,N211441,SAIC-Volkswagen
SVWAXNBP1S,SVW,N211441,SAIC-Volkswagen
SVWAXNBP2S,SVW,N211441,SAIC-Volkswagen
SVWAXNBP2S,SVW,N211441,SAIC-Volkswagen
SVWAXNBY1S,SVW,N211441,SAIC-Volkswagen
SVWAXNBY1S,SVW,N211441,SAIC-Volkswagen
SVWAXNBY2S,SVW,N211441,SAIC-Volkswagen
SVWAXNBY2S,SVW,N211441,SAIC-Volkswagen
SXHEASXTRT,Shaanxi Heavy Vehicle,N190122,Shanxi Heavy Vehicle
SXINGSDTRD,Shuangxing,0,(blank)
TAIDAXJTRD,Hetian Taida,N190154,Hetian Taida Apparel
TAIDESHKQP,Shanghai Taide Food,0,(blank)
TAIHUBJALS,Taihu Brewing,0,(blank)
TAIJICQCQR,太极集团,0,(blank)
TAIJICQCQT,太极集团,0,(blank)
TAIYISHTRT,Shanghai Taiyin,0,(blank)
TAOCHCZIHS,Taochen Electronics,N200506,Changzhou Taochen Technology
TAXGSCNXXS,Other Customers Others,0,(blank)
TCCXXCDTRT,TCC,0,(blank)
TCCXXCDXXS,TCC,S190200,TCC Chemicals
TCCXXSHTRD,TCC,N200135,TCC Chemicals
TCMUCYNTRD,TengChong MuChen,N211083,JiaChengGuoJi
TCMUCYNTRD,TengChong MuChen,N211083,TengChong MuChen
TDABLBGOHT,TD Overhead,0,(blank)
TDAMTBGOHT,TD Overhead,0,(blank)
TDCSCBGOHT,TD Overhead,0,(blank)
TDOTMBGOHT,TD Overhead,0,(blank)
TDXBDBGOHT,TD Overhead,0,(blank)
TDXOFBGOHT,TD Overhead,0,(blank)
TDXOHBGOHT,TD Overhead,0,(blank)
TENCESHKQS,Tencent,0,(blank)
TENCESHTRT,Tencent,0,(blank)
TENCESZLHS,Tencent,0,(blank)
TENCESZTRT,Tencent,N211286,Tencent
TENCESZWHH,Tencent,0,(blank)
TESXXSHTRT,TES-AMM,0,(blank)
TFASSCCTRT,ZF,N200827,ZF Friedrichshafen
TFASSCDTRT,ZF,N200827,ZF Friedrichshafen
TFASSFSTRT,ZF,N200827,ZF Friedrichshafen
TFCVSCCTRT,ZF,N200827,ZF Friedrichshafen
THERMSHDBS,THERMO FISHER SCIENTIFIC,N210998,Thermo Fisher Corporate
THRSQAHTRD,Three Squirrels,N211422,Three Squirrels
THYSSQDTRT,THYSSENKRUPP,N211071,THYSSENKRUPP
TIANCCDTRT,CNCEC - Industrial,0,(blank)
TIANGSHTRF,Shanghai Tiange,N211536,SHANGHAI TG LOGISTICS CO LTD.
TIANHCQTRD,Chongqing Tianhan,N190178,Chongqing Tianhan Engineering
TIANMSHIHS,Tianma,N200810C1,TIANMA
TIANQXZTRD,Xuzhou Tianqi,N190180,Xuzhou Tianqi Mining Technology
TIAUTTJTRD,TI Automotive,N210929,TI Automotive
TLDCNWXTRD,TLD,N190251,TLD ASIA(WUXI) 
TLDCNWXTRD,TLD,N190251,"TLD ASIA(WUXI) CO., LTD"
TODSXSHHCS,TOD'S,N200825,Tods
TODSXSHTRD,TOD'S,N200748,Tods
TOWNSNTIHS,Townsun,N210917,Townsun
TOWNSNTTRD,Townsun,N200871,Townsun
TPTOTSHTRT,Other Customers Others,0,(blank)
TRUFFSHKQP,Truffles,N211353,上海浦丝贸易有限公司
TSAXXBJXWS,Other Customers Others,0,(blank)
TSCALBGOHS,TSC Overhead,0,(blank)
TSCBDBGOHS,TSC Overhead,0,(blank)
TSCCLBGGFF,Freight Forwarding TSC,0,(blank)
TSCCZBGGFF,Freight Forwarding TSC,N211458,Cosco Shipping Air Freight Co. LTD
TSCCZBGGFF,Freight Forwarding TSC,N211458,Houmi Supply Chain
TSCICCNWHS,Other Customers Technology,0,(blank)
TSCOHBGOHS,TSC Overhead,0,(blank)
TSCOTBGOHS,TSC Overhead,0,(blank)
TSCRZBGGFF,Freight Forwarding TSC,0,(blank)
TSCSSBGGFF,Freight Forwarding TSC,N211547,Tenneco
TSINTQDTRD,Tsingtao,N211195,SCSD-Tsingtao
TYCOPSHMFS,JOHNSON CONTROLS,0,(blank)
TYCOSSHMFS,JOHNSON CONTROLS,0,(blank)
TYCOTSDXXS,TYCO ELECTRONICS,0,(blank)
TYCOTSHFSS,TYCO ELECTRONICS,0,(blank)
TYCOTSHY2S,TYCO ELECTRONICS,N200820,TE CONNECTIVITY
TYCOTSHY3S,TYCO ELECTRONICS,N200820,TE CONNECTIVITY
TYCOTSHYXS,TYCO ELECTRONICS,N200820,TE CONNECTIVITY
UCOHZHZLYS,UCO,N200816C1,Hangzhou Ruitai Supply Chain Management
UCOHZJXXWS,UCO,N200470C1,Hangzhou Ruitai Supply Chain Management
UIMAGSHTRD,United Imaging,N211245,UNITED IMAGING
UNILEBJTRT,UNILEVER,0,(blank)
UNILESHTRT,UNILEVER,N200850,UNILEVER
UNILETCIHS,UNILEVER,0,(blank)
UNIMKCDTRT,UNILEVER,N211308,UNILEVER
UNIMKSHTRT,UNILEVER,N211308,UNILEVER
UNIPNBJTRT,UNILEVER,0,(blank)
UNIPNGZTRT,UNILEVER,0,(blank)
UNIPNSHTRT,UNILEVER,N200334,UNILEVER
UNISPZJIHS,UNISPC,N210953,UNISPC
UNISPZJTRD,UNISPC,N210953,UNISPC
UNISYBJXWS,UNISYS,0,(blank)
UNISYGHD2S,UNISYS,0,(blank)
UTCASXMNSS,UNITED TECHNOLOGIES,N211106,Collins Aerospace
VENCHSHKQS,Venchi,N211004,Venchi
VENCHSHTRT,Venchi,S200622,Venchi
VENCHSHWHS,Venchi,S200622,Venchi
VERTIGZWHS,Vertiv,0,(blank)
VESTASHTRT,VESTAS,N200005,VESTAS
VESTATJBHS,VESTAS,N190221,VESTAS
VIRIENBTRD,Viridi E-Mobility Technology,N190245,Viridi E-Mobility Technology
VOLVOGZHPS,GEELY,N211093,Volvo Car Corporation
VOLVOGZTRT,GEELY,0,(blank)
VOLVOSHTRT,GEELY,0,(blank)
VOLVOSHY2S,GEELY,N211662,Volvo Car Corporation
VWXXXSHTRT,VOLKSWAGEN,N211242,VOLKSWAGEN
VWXXXTJALS,VOLKSWAGEN,0,(blank)
VWXXXTJTDT,VOLKSWAGEN,N190223,Suppliers - Volkswagen
VWXXXTJTRD,VOLKSWAGEN,N200454,VOLKSWAGEN
VWXXXTJTRT,VOLKSWAGEN,N190118,VOLKSWAGEN
VZUGSCZJXS,V-Zug (Shanghai),N211707,V-ZUG AG
WABCOQDTRD,WABCO,S211684,WABCO Vehicle Control Systems
WABCOTSTRD,WABCO,N200283,WABCO Vehicle Control Systems
WAIXXLZB5S,Wuling Motors,0,(blank)
WAIXXSHTRT,Wuling Motors,0,(blank)
WANHUSHTRF,Wanhua Chemical,0,(blank)
WATSFSHTRT,WATSON GROUP - Consumer,N190026,Watsons
WATSOBJTRT,WATSON GROUP - Retail,N200222,Watsons
WATSOCDTRT,WATSON GROUP - Retail,0,(blank)
WATSOKSTDT,WATSON GROUP - Retail,N211532,Watsons
WATSOKSTRT,WATSON GROUP - Retail,N190027,Watsons
WATSONNTRT,WATSON GROUP - Retail,0,(blank)
WATSOSHTRT,WATSON GROUP - Retail,N190027,Watsons
WATSOWHTRT,WATSON GROUP - Retail,0,(blank)
WEICJBJXWS,Wei Chong Jian,N211275,北京卫宠健科技有限公司
WEIFTNBWHS,WEIFU GROUP - Technology,N211698,Weifu High-Technology Group
WEIFTNBWHV,WEIFU GROUP - Technology,N211670,Weifu High-Technology Group
WEIFTWXWHS,WEIFU GROUP - Technology,N200618,Weifu High-Technology Group
WEIFUNJTRT,WEIFU GROUP - Industrial,N211346,Weifu High-Technology Group
WEIFUWXIHS,WEIFU GROUP - Industrial,N211593,Weifu High-Technology Group
WEIFUWXTRD,WEIFU GROUP - Industrial,N211167,Weifu High-Technology Group
WEIFUWXTRT,WEIFU GROUP - Industrial,N200343,Weifu High-Technology Group
WEIWEGZHPS,WEI WEI,N211508,VWEI
WELLWSHKQS,WELL-WIN LOGISTICS,N211015,WELL-WIN LOGISTICS
WESTLCDTRT,Westlake Chemical,0,(blank)
WESTLCDXXS,Westlake Chemical,0,(blank)
WHBIOBJTRT,北京五和博澳药业,0,(blank)
WHJYXWHXDC,Wuhan Jinyu,0,(blank)
WILSOSHFSS,SHANGHAI WILSON SUPPLY,0,(blank)
WXGCHJSTRF,Wuxi Gongcheng,0,(blank)
WXNOCWXTRD,Wuxi No.1 Cotton,N200414,"Wuxi No.1 Cotton Textile Group Co.,Ltd."
XCEXXSYTRT,XCE Mianyang Xinchen Engine,0,(blank)
XCMGXXZTRD,XCMG,0,(blank)
XCMGXXZWHS,XCMG,0,(blank)
XIANYJSTRD,Xiang Yun,N211065,XIANGYUN
XINGUSHTRT,Xinguo Food,N190018,Shanghai Xinguo Food
XINGYSHFJH,XingYa,0,(blank)
XINTDSYTRD,Xintiandi,0,(blank)
XINWESHKQP,XINWEI,N200587,Shanghai Xinwei Ecommerce
XIWUBTJTDT,Xiwu,N200467,Webtec
XIWUBTJTRT,Xiwu,N200467,Webtec
XW3CDSFITC,SF IT,0,(blank)
XWBDPSFITC,SF IT,0,(blank)
XWCALSFITC,SF IT,0,(blank)
XWDGXSFITC,SF IT,0,(blank)
XWDZ1SFITC,SF IT,0,(blank)
XWJSDSFITC,SF IT,0,(blank)
XWKXDSFITC,SF IT,0,(blank)
XWO2DSFITC,SF IT,0,(blank)
XWQPDSFITC,SF IT,0,(blank)
XWRPTSFITC,SF IT,0,(blank)
XWSAPSFITC,SF IT,0,(blank)
XWSD1SFITC,SF IT,0,(blank)
XWSMTSFITC,SF IT,0,(blank)
XWWHSSFITC,SF IT,0,(blank)
XWXYDSFITC,SF IT,0,(blank)
XWZQDSFITC,SF IT,0,(blank)
YADIXSZTRD,Shenzhen Yadi,N190218,Yadi Construction Industry Co.
YANGFQDSNS,Yangfan Group,0,(blank)
YAOZYCNTRT,Hubei Yaozongyuan,N200248,Yao Zong Yuan
YEELIQDTRD,Yeelight,S211684,Yeelight
YISHASYTRT,Beijing Yishang Lanfengye,0,(blank)
YITIESHTRD,Shanghai YiTie,N211212,Shanghai YiTie
YITONGZHPS,Beijing Yitong Huarui,0,(blank)
YLSOLBDTRD,Yingli Solar,N211082,Yingli Solar
YLSOLTJTRD,Yingli Solar,N211526,Yingli Solar
YLZHEXJTRD,Yi Le Zhong He,N211419,Jiangsu Yilezhonghe Marketing
YNFLOKMTRD,Yunnan Flower,N211658,CHINALCO
YNFLOKMTRD,Yunnan Flower,N211658,Shenzhen Fengyi
YNWDAYNTRD,Yunnan Trading Wanda,N200896,Yunnan Trading Wanda Transportation
YNXLJKMTRD,Yunnan Xiaolajiao,N211556,Kunming Tapeila
YNXLJKMTRD,Yunnan Xiaolajiao,N211556,Yunnan Xiaolajiao International Logistics
YNYOJYNTRD,Yunnan Youjia,N200898,Yunnan Youjia
YONGTSHTRD,YongTay,N190173,YungTay
YOUCHBJTRD,Youche,N211518,广州市有车以后信息科技有限公司
YSAASSHITS,Other Customers Others,0,(blank)
YUANXSZWHS,Yuan,N211348,Yuan Hong Kong Retail Limted
YUDOMPTIHS,YUDO,N210952,Yudo Motor
YUDOMPTTRD,YUDO,N210952,Yudo Motor
YUDOMPTTRR,YUDO,N210952,Yudo Motor
YUNTHYNIHS,Yun Tian Hua,N211233,Yun Tian Hua
YUNTHYNTRD,Yun Tian Hua,N211234,Yun Tian Hua
YUWELJSTRT,Yuwell,N200746,Yuwell-Jiangsu Yuyue medical
YZJPHWXNYT,扬子江,0,(blank)
YZJPHWXWXR,扬子江,0,(blank)
YZJPHWXWXT,扬子江,0,(blank)
YZSWSBJTRT,国际生物试剂物流中心,0,(blank)
ZATSXSHTRT,ZF,N200815,ZF Friedrichshafen
ZDASTXATRT,ZF,N211416,ZF Friedrichshafen
ZEBRASHALH,ZEBRA TECHNOLOGIES,N200404,ZEBRA TECHNOLOGIES
ZEBRASHALS,ZEBRA TECHNOLOGIES,N200404,ZEBRA TECHNOLOGIES
ZEBRASHALV,ZEBRA TECHNOLOGIES,N200404,ZEBRA TECHNOLOGIES
ZFASXSHTRT,ZF,N200827,ZF Friedrichshafen
ZFCTCCCTRT,ZF,N200827,ZF Friedrichshafen
ZFDHEHZTRT,ZF,N200827,ZF Friedrichshafen
ZFEKZZHTRT,ZF,N200827,ZF Friedrichshafen
ZFHDXHFTRT,ZF,N200827,ZF Friedrichshafen
ZFMGXQDTRT,ZF,N200827,ZF Friedrichshafen
ZFSDSSATRT,ZF,N200827,ZF Friedrichshafen
ZFTSXSHTRT,ZF,N200827,ZF Friedrichshafen
ZHENZSHDQS,Zhengzhe International Trade,N190159,Zhengzhe International Trade
ZHENZSHTRD,Zhengzhe International Trade,N190159,Zhengzhe International Trade
ZHGSKJXTRD,Zhegong Shukong ,N211147,Zhegong Shukong
ZHONYBJTRT,Zhongyou,N211400,Zhongdu
ZHSOLNMTRD,Zhonghuan Solar ,0,(blank)
ZJCOCNJQXG,China State Construction,N200630C1,China State Construction
ZJCOCWHGDG,China State Construction,N211202,China State Construction
ZJCOCWHHKG,China State Construction,N200552,China State Construction
ZJCOCWHHPG,China State Construction,0,(blank)
ZJCOCWHHYG,China State Construction,N200540,China State Construction
ZJCOCWHIHG,China State Construction,0,(blank)
ZJCOCWHWHG,China State Construction,N211201,China State Construction
ZNYCNSHTRT,ZhongNan Engineering,N200125,ZhongNan Engineering Corporation
ZNYXXCDXXS,ZNY,0,(blank)
ZQXOFBGOHS,ZQ Overhead,0,(blank)
ZQXOHBGOHS,ZQ Overhead,0,(blank)
ZSHXMBJTRT,中石化,0,(blank)
ZSHXMCNBJT,中石化,0,(blank)
ZSHXMCNPKT,中石化,N210922,Sinopec
ZSHXMCNWHT,中石化,N200257,Sinopec
ZSNUOBJXWS,SL - Zhong Shi Nuo,N200383,Zhongshinuo(Beijing) Technology Development
ZTESLGZTRD,ZTE CORPORATION,S200219,ZTE
ZTEXXNJZXS,ZTE CORPORATION,N211041,ZTE
ZTEXXSXXYD,ZTE CORPORATION,S211543,ZTE
ZTEXXSXXYS,ZTE CORPORATION,0,(blank)
ZZZZZCNXXZ,Default,0,(blank)
国药医药新业务TS运输,国药,0,(blank)
中石化政企新业务TS仓储,中石化,0,(blank)
中石化政企新业务TS运输,中石化,0,(blank)
中石化政企新业务大网仓储,中石化,0,(blank)
中石油政企新业务TS仓储,中石油,0,(blank)
中石油政企新业务TS运输,中石油,0,(blank)
